name,url,source_category,pdf_path,臨床條件,檢驗條件,流行病學條件,通報定義,疾病分類,檢體採檢送驗事項
M痘,https://www.cdc.gov.tw/File/Get/c2QLiq13D73BYYQAKV83ew,第二類,pdfs/M痘.pdf,"需具下列條件:
(一) 皮膚病灶如皮疹、斑疹、斑丘疹、水泡、膿疱等,且無法以其
他已知病因解釋。
(二) 具有任一下列症狀:
發燒(≧38°C)、畏寒/寒顫、出汗、頭痛、肌肉痛、背痛、關
節痛、淋巴腺腫大(如耳周、腋窩、頸部或腹股溝等處)。","具有下列任一個條件:
(一) 臨床檢體(如病患發病期內皮膚水泡、咽喉擦拭檢體或膿疱檢
體)分離並鑑定出 M痘病毒。
(二) 臨床檢體 M痘病毒分子生物學核酸檢測為陽性。","發病前21日內,具有下列任一個條件:
(一) 曾經與確定病例或出現症狀的極可能病例有密切接觸。
(二) 具有 M痘確定病例報告之國家旅遊史。
(三) 具有野生動物或非洲特有外來種動物(含屍體)暴露史。","具有下列任一個條件:
(一) 符合臨床條件。
(二) 符合檢驗條件。","(一) 極可能病例:符合臨床條件及流病條件。
(二) 確定病例:符合檢驗條件。
1","傳染病 應保存種類
採檢項目 採檢目的 採檢時間 採檢量及規定 送驗方式
名稱 (應保存時間)
以無菌病毒拭子擦
拭皮膚病灶之水疱
水疱液、膿 病 毒 株 ( 30
液或膿疱內容物,
疱內容物 2-8°C(A 日);水疱液、
病原體 插入病毒保存輸送
M痘 立即採檢 類感染性物 膿疱內容物及
檢測 管。
質包裝) 咽 喉 擦 拭 液
以無菌病毒拭子擦
(30日)
咽喉擦拭液 拭咽喉,插入病毒
保存輸送管。
2"
Q熱,https://www.cdc.gov.tw/File/Get/46rMxDdAD4FJRsJOmgVwBA,第四類,pdfs/Q熱.pdf,"發燒、畏寒、噁心嘔吐、腹瀉、盜汗、頭痛、身體不適、肌肉酸痛,
急性肝炎或急性黃疸、肺炎以及腦膜腦炎等。","符合下列檢驗結果之任一項者,定義為檢驗結果陽性:
(一) 臨床檢體分子生物學核酸檢測陽性。
(二) 以間接免疫螢光抗體法(Indirect Immunofluorescene Assay,
IFA)檢測急性期(或初次採檢)血清,Phase II IgM 力價達
1:80 以上,或配對血清(急性期及恢復期)Phase II IgG 力
價達 4 倍以上上升。",NA,符合臨床條件。,"(一) 可能病例:NA
(二) 極可能病例:NA
(三) 確定病例:符合間接免疫螢光抗體法(IFA)檢驗結果陽性定
義。
2019年3月","傳染病 採檢量及 應保存種類
採檢項目 採檢目的 採檢時間 送驗方式 注意事項
名稱 規定 應保存時間
1. 請於未投藥
前採血。
2. 血清檢體採
檢注意事項
請參閱傳染
以無菌試管
病檢體採檢
陽性血清
血清 抗體檢測 立即採檢 收集3 mL
手冊 2.8.3
(30日)
血清
及 2.8.4 備
註說明,血
清檢體採檢
步驟請參閱
傳染病檢體
採檢手冊第
2–8 °C 3.3節。
Q熱 B類感染性 3. 抗凝固全血
物質包裝 檢體採檢步
驟請參閱傳
染病檢體採
以含抗凝劑
檢 手 冊 第
(heparin
3.2節。
抗凝固 病原體 急性期 或EDTA)
4. Q 熱之檢驗
-
全血 檢測 發病14日內 採血管採集
以不做二採
5–10 mL
為原則,如
血液檢體
有臨床上個
別需要,請
聯繫衛生福
利部疾病管
制署檢體單
一窗口。
衛生福利部疾病管制署「傳染病檢體採檢手冊」可至衛福部疾管署全球資訊網(cdd.gov.tw)首頁之檢驗
(傳染病檢驗資訊與規定)項下查詢。
Q 熱之檢驗方法、步驟及結果判定等相關資訊,可參閱衛生福利部疾病管制署「傳染病標準檢驗方法手
冊」(衛福部疾管署全球資訊網/首頁/檢驗(傳染病檢驗資訊與規定))。
2019年3月"
中東呼吸症候群冠狀病毒感染症,https://www.cdc.gov.tw/File/Get/slN7SPgc2BZ7Mz12GRH9zA,第五類,pdfs/中東呼吸症候群冠狀病毒感染症.pdf,"同時符合以下兩項條件:
(一) 急性呼吸道感染,臨床症狀可能包括發燒(≧38°C)及
咳嗽。
(二) 臨床、放射線診斷或病理學上顯示肺部實質疾病。","具有下列任一個條件:
(一) 臨床檢體(如咽喉擦拭液、痰液或下呼吸道抽取液、血
液等)分離並鑑定出中東呼吸症候群冠狀病毒。
(二) 臨床檢體中東呼吸症候群冠狀病毒分子生物學核酸檢測
陽性。","發病前 14 日內,具有下列任一個條件:
(一) 曾經與出現症狀的極可能病例或確定病例有密切接觸,
包括在無適當防護下提供照護、相處、或有呼吸道分泌
物、體液之直接接觸,或
(二) 具有中東呼吸症候群冠狀病毒疫情流行地區之旅遊或居
住史。","具有下列任一個條件:
(一) 符合臨床條件及流行病學條件,或
(二) 僅符合臨床條件第(一)項及流行病學條件第(一)項,或
(三) 符合檢驗條件。","(一) 極可能病例:
雖未經實驗室檢驗證實,但符合臨床條件,且於發病前
14 日內,曾經與出現症狀之確定病例有密切接觸者。
(二) 確定病例: 符合檢驗條件。",請參閱「傳染病檢體採檢手冊」(https://gov.tw/pK8)
人類免疫缺乏病毒(愛滋病毒)感染,https://www.cdc.gov.tw/File/Get/iPNO8zSCF08pPOP7Uwl5Yg,第三類,pdfs/人類免疫缺乏病毒(愛滋病毒)感染.pdf,NA,"(一)符合下列任一情形。
1. HIV 抗原/抗體複合型篩檢( HIV antibody and antigen
combination assay)或抗體篩檢*(EIA 或 PA)陽性,再
經 HIV-1/2 抗體確認檢驗方法(抗體免疫層析檢驗法或西
方墨點法),確認為陽性反應者(年齡須大於 18 個月)。
2. HIV 分子生物學核酸檢測(NAT)呈陽性反應者。
3. HIV 抗原 p24 篩檢陽性,且進行中和試驗(Neutralization
test,NT),確認為陽性反應者。(年齡須大於 1 個月)
*若使用快速抗體篩檢檢測陽性者,仍需進行 HIV 抗原/抗體
複合型篩檢或抗體篩檢。
(二)新生兒以 HIV 抗原/抗體複合型篩檢或抗體篩檢呈陽性者。
(三)孕產婦以 HIV 抗原/抗體複合型篩檢或抗體篩檢呈陽性者。","(一)符合下列任一情形之新生兒。
1. 其生母為人類免疫缺乏病毒感染者。
2. 其生母臨產時為 HIV 抗原/抗體複合型篩檢或抗體篩檢呈
陽性者。
(二)符合下列任一情形者,為急性初期感染。
1. 依據過去檢驗紀錄:符合檢驗條件第(一)項 1 或 2,且確
診通報前 180 天內,有任一 HIV 檢驗結果是陰性或未確定
者,包含:HIV 抗原/抗體複合型篩檢、抗體篩檢(EIA 或
PA)、HIV-1/2 抗體確認檢驗或 HIV 分子生物學核酸檢測
(NAT)。
2. 本次確診檢驗流程中,於 HIV 分子生物學核酸檢測 NAT 檢
驗陽性前後 180 日內有任一抗體確認檢驗結果為陰性或未
確定者。
3. 本次檢驗流程中,HIV 抗原/抗體複合型篩檢結果為「抗原陽
性」者。",符合檢驗條件任一項或流行病學條件第(一)項者。,"(一)可能病例:
NA
(二)極可能病例:
符合檢驗條件第(二)項或第(三)項或流行病學條件第
(一)項。
(三)確定病例:
符合檢驗條件第(一)項。如同時符合流行病學條件第
(二)項,則為急性初期感染。",
伊波拉病毒感染,https://www.cdc.gov.tw/File/Get/QoRIfzLnjNEeyUJkidSugA,第五類,pdfs/伊波拉病毒感染.pdf,"具有下列任一個條件:
(一) 急性發燒(≧38°C)
(二) 頭痛、肌肉痛、噁心、嘔吐、腹瀉、腹痛等任一臨床描
述。
(三) 不明原因出血。
(四) 突發性不明原因死亡。","具有下列任一個條件:
(一) 臨床檢體分離並鑑定出伊波拉病毒。
(二) 臨床檢體分子生物學核酸檢測陽性。
(三) 血清學抗體檢測陽性。
(四) 組織切片免疫化學染色(IHC)陽性。","發病前 3 週內,具有下列任一個條件:
(一) 具有伊波拉病毒感染流行地區之旅遊史或居住史。
(二) 接觸極可能病例或確定病例之血液或體液或其汙染物。
(三) 具有伊波拉病毒感染流行地區動物(例如蝙蝠、豬隻、羚
羊、囓齒動物或靈長類等)之接觸史。
(四) 進行伊波拉病毒或檢體之實驗室操作。","具有下列任一個條件:
(一) 符合臨床條件以及流行病學條件。
(二) 符合檢驗條件。","(一) 極可能病例:
雖未經實驗室證實,但符合臨床條件,且於發病前 3 週
內接觸確定病例之血液或體液者。
(二) 確定病例:
符合檢驗條件。",請參閱「傳染病檢體採檢手冊」(https://gov.tw/pK8)
侵襲性b型嗜血桿菌感染症,https://www.cdc.gov.tw/File/Get/DLoiALY997VITcAY_jOwDQ,第三類,pdfs/侵襲性b型嗜血桿菌感染症.pdf,"由 b 型流行性感冒嗜血桿菌所引起的侵襲性疾病,可能產生的臨床症
狀包括:腦膜炎、菌血症、肺炎、蜂窩組織炎、敗血性關節炎、骨髓
炎、會厭炎等。","正常無菌檢體(血液、腦脊髓液、關節液、肋膜液、心包膜液等體液)
分離並鑑定出 b 型嗜血桿菌(Haemophilus influenzae type b)。","曾經與確定病例或極可能病例具有密切接觸,即照護、同住、或與確
定病例有呼吸道分泌物、體液之直接接觸。","符合臨床條件,且經醫院自行檢驗,符合檢驗條件。","(一) 可能病例:
符合臨床條件。
(二) 極可能病例:
NA
(三) 確定病例:
符合臨床條件及檢驗條件。","採檢項目 檢體種類 採檢目的 採檢時機 採檢規定 運送條件 注意事項
以 採 血 管 採 全 1. 全血採檢請
血,立即注入嗜氧 參考第 3.1 節。
未投藥前立
全血 性血瓶(血液與培 2. 腦脊髓液採
即採檢
養液比例為 1:5 至 檢步驟請參考第
1:10)。 3.6 節,由醫師採
病原體檢測 常溫
以無菌容器收集 檢。
腦 脊 髓
侵襲性 b 至少 1 mL 腦脊髓 3. 肋膜液、關節
液、肋膜 未投藥前立
液等體液採檢請
型嗜血桿 液或體液。或直接
液、關節液 即採檢 參考第 3.10 節。
菌感染症 接種於巧克力培
等
養基。
常溫
接種於巧克力培
未投藥前立養基,以封口膜
菌株 菌株鑑定 (B 類感染
即採檢 (paraffin)密封,
性物質包
並加夾鏈袋運送。
裝)"
侵襲性肺炎鏈球菌感染症,https://www.cdc.gov.tw/File/Get/dTTMlNEZfoUwF-9X_yllzA,第四類,pdfs/侵襲性肺炎鏈球菌感染症.pdf,"由肺炎鏈球菌(Streptococcus pneumoniae)引起之侵襲性疾病,如:敗血症、
肺炎、腦膜炎、關節炎、骨髓炎、心包膜炎、腹膜炎...等。","正常無菌檢體(血液、腦脊髓液、關節液等體液)分離並鑑定出肺炎鏈球
菌(Streptococcus pneumoniae)。",NA,"符合臨床條件,且經醫院自行檢驗,符合檢驗條件。","(一) 可能病例:NA。
(二) 極可能病例:NA。
(三) 確定病例:符合臨床條件及檢驗條件者。","採檢項目 檢體種類 採檢目的 採檢時間 採檢量及規定 送驗方式 注意事項
以侵襲性肺炎 1. 肺炎鏈球菌
鏈球菌專用拭 常溫 易死亡,採檢
侵襲性肺
病原體血清 已分離菌 子之棉棒採集 (B 類感 後儘速送驗。
炎鏈球菌 菌株
型別檢測 株時 菌株,插Amies 染性物質 2. 見2.8.6 備註
感染症
w/charcoal 保 包裝) 說 明 及 圖
存輸送培管。 2.4。"
傷寒,https://www.cdc.gov.tw/File/Get/Pn3HWw3c_8qhl_pM-mpfXg,第二類,pdfs/傷寒.pdf,"具有下列任一個條件:
(一) 持續性發燒。
(二) 頭痛、不適、厭食。
(三) 相對性心跳過慢。
(四) 脾臟腫大。
(五) 身軀出現紅疹。
(六) 成年人較常出現便秘或腹瀉、淋巴組織病變。
感染者也可能只有輕微或非典型之症狀。",臨床檢體(糞便或血液)分離並鑑定出傷寒桿菌(Salmonella typhi)。,"具有下列任一個條件
(一) 食用被患者、帶菌者糞便或尿所污染之食物、飲水。
(二) 與確定病例具有密切接觸(如照護、同住),或食用確定病例
所烹調處理之食物。","具有下列任一個條件:
(一) 符合臨床條件。
(二) 經醫院自行檢驗,符合檢驗條件。","(一) 可能病例:
NA
(二) 極可能病例:
NA
(三) 確定病例:
符合檢驗條件。","採檢項目 檢體種類 採檢目的 採檢時機 採檢規定 運送條件 注意事項
以採血管採 5-10 mL
未投藥前血液,立即注入含 50
全血採檢步驟請參
全血 之發燒期mL TSB或BHI培養基 常溫
考第 3.1 節。
間 之嗜氧血瓶內,充分混
合。
以無菌細菌拭子之棉
棒,沾取混合均勻之糞 見 2.8.6 備註說明及
糞便 便 檢 體 , 置 入 圖 2.5,糞便採檢步
Cary-Blair 保存輸送培 驟請參考第 3.5 節。
養基。
未投藥前 尿液檢體請參考第
立即採檢 3.4 節。尿液檢體採
病原體檢
自下列患者:
測
以無菌容器收集 10mL 1. 確定合併感染埃
尿液
傷寒 中段尿液。 及血吸蟲患者
低溫
2. 無症狀帶菌者或
慢性帶菌者中尿
液帶菌者
以無菌容器或採水袋
收集1 L以上可疑污染
自來水環
源水檢體,每 1 L 加
境檢體
0.05 g 硫代硫酸鈉
(sodium thiosulfate)
井水、水 以無菌容器或採水袋 傷寒、副傷寒流行病
溝水等環 收集1 L以上可疑污染 學調查時的檢體。
境檢體 源水檢體。
菌株鑑定 儘速送驗 純化之菌株以拭子沾 低溫(B
滿 一 圈 後 置 入類感染性
菌株
Cary-Blair 輸送培養 物質包
基。 裝)"
先天性德國麻疹症候群,https://www.cdc.gov.tw/File/Get/Ko9aOjafsd6CnhUnprfoNA,第三類,pdfs/先天性德國麻疹症候群.pdf,"小於一歲孩童或死產嬰兒,出現第一項之任何一種缺陷及第二項之任
何一種缺陷,或第一項中之任兩種缺陷者。
(一) 先天性白內障、先天性青光眼、色素性視網膜病變、失聰、先
天性心臟病(常見:開放性動脈導管、周邊肺動脈狹窄)。
(二) 紫斑症、閉塞性黃疸(24 小時內發生)、脾腫大、小腦症、心
智發育遲緩、腦膜腦炎或長骨放射線透度異常。","具有下列任一個條件:
(一) 臨床檢體(尿液、咽喉擦拭液、血液或臍帶血)分離並鑑定出
德國麻疹病毒(Rubella virus)。
(二) 臨床檢體分子生物學核酸檢測陽性。
(三) 血清學抗體檢測陽性:排除疫苗接種影響下,抗德國麻疹 IgM
抗體陽性或 IgG 抗體未如預期隨著時間逐漸衰減。",母親於孕期中被確診德國麻疹。,符合臨床條件。,"為配合三麻一風疾病根除保全與消除作業,個案需由防疫醫師進行判
定。
(一) 可能病例:
符合臨床條件。
(二) 極可能病例:
NA
(三) 確定病例:
具有下列任一個條件:
1. 符合臨床條件(第一項中任二種缺陷;或第一、二項中任
一種)與檢驗條件。
2. 符合臨床條件及流行病學條件。
3. 任何死產嬰兒,排除其他可能致死原因並符合檢驗條件。","採檢項目 檢體種類 採檢目的 採檢時機 採檢規定 運送條件 注意事項
以無菌容器收集 尿液檢體採檢請
尿液 10-50 mL 尿液, 參考第 3.4 節。
緊密封口。
出生後3個
病原體檢測 以無菌病毒拭子 低溫 見 2.8.5 備註說明
月內
咽喉擦拭 之 棉 棒 擦 拭 咽 及咽喉採檢步驟
液 喉,插入病毒保存 請參考第3.7節及
輸送管。 圖 3.7。
1. 疑似個案必
先天性德
要時得於其後
國麻疹症
3-6 個月內再採
候群
第 2 次血清送
驗,血清量至少
血清或臍 出生後6個以無菌試管收集
抗體檢測 低溫 1 mL。
帶血 月內 至少 2 mL 血清。
2. 血清檢體見
2.8.3及2.8.4備
註說明,血清採
檢步驟請參考第
3.3 節。"
先天性梅毒,https://www.cdc.gov.tw/File/Get/_YwDhdbXL-TlhtfPK9-mMw,第三類,pdfs/先天性梅毒.pdf,"出現下列任一項症狀或症候:
鼻塞伴黏性或血性分泌物、肝脾腫大、皮膚黏膜病變、扁平濕疣、非病
毒性肝炎引起之黃疸、腎病症候群或營養不良引起之水腫、假性麻痺、
影像學上可見長骨異常(如:骨膜炎、幹骺端(Metaphysis)病變包含
Wegner sign、 Metaphyseal serration、 Wimberger sign)等。","(一) 血清學特異性梅毒螺旋體試驗(treponemal test)1陽性。
(二) 血清學非特異性梅毒螺旋體試驗(non-treponemal test)2陽性。
(三) 臨床檢體(病灶滲出液、組織、胎盤、臍帶、屍體、鼻腔分泌物
等)以暗視野顯微鏡、螢光抗體檢驗或核酸檢驗檢測出梅毒螺
旋體。
(四) 血清學特異性梅毒螺旋體 IgM 試驗(treponemal-specific IgM)
3陽性。
(五) 腦脊髓液性病研究實驗室試驗(CSF-VDRL)陽性。
註1: 特異性梅毒螺旋體試驗(treponemal test):梅毒螺旋體血液凝集試驗
(TPHA)、梅毒螺旋體粒子凝集試驗(TPPA)、梅毒抗體間接螢光染色法
(FTA-abs)、梅毒螺旋體乳膠凝集試驗(TPLA)、梅毒螺旋體酵素免疫分
析法(EIA)或梅毒螺旋體化學冷光免疫分析法(CIA)。
註2: 非特異性梅毒螺旋體試驗(non-treponemal test):快速血漿反應素試驗
(RPR)或性病研究實驗室試驗(VDRL)。
註3: 特異性梅毒螺旋體IgM試驗(treponemal-specific IgM):梅毒螺旋體IgM
酵素免疫分析法(IgM EIA)或梅毒IgM抗體間接螢光染色法(IgM FTA-
abs)。","(一) 其生母為梅毒個案,但生產時未治療、尚未完成治療、治療狀況
不明或已接受治療但 RPR/VDRL 效價尚未呈現 4 倍以上下降。
(二) 其生母之梅毒病史不清楚。","年齡未滿 24 個月,且具有下列任一個條件:
(一) 符合流行病學條件第(一)項。
(二) 符合流行病學條件第(二)項及任一檢驗條件。
(三) 符合臨床條件及任一檢驗條件。","(一) 可能病例:
NA
(二) 極可能病例:
具有下列任一個條件:
1. 符合流行病學條件第(一)項。
2. 符合流行病學條件第(二)項,且符合檢驗條件第(一)、(二)、
(四)、(五)之任一項。
3. 符合臨床條件,且符合檢驗條件第(一)、(二)、(四)、(五)之任
一項。
(三) 確定病例:
具有下列任一個條件:
1. 符合檢驗條件第(二)項及第(四)項。
2. 符合檢驗條件第(二)項,且嬰兒效價大於母親生產時效價之四
倍以上。
3. 符合檢驗條件第(三)項。
4. 符合檢驗條件第(五)項,且腦脊髓液符合下列任一項細胞計數
和生化檢查異常情形:
(1) 年齡未滿 1 個月:>15 WBC/microL, protein >120 mg/dL
(2) 年齡 1 個月以上:>5 WBC/microL, protein >40 mg/dL
5. 年齡 15 個月以上,符合檢驗條件第(一)項,且排除後天梅毒
暴露史。",
兔熱病,https://www.cdc.gov.tw/File/Get/lBi3fC8Mtdmw4Ac7n8mMtw,第四類,pdfs/兔熱病.pdf,"突然出現高燒、寒顫、頭痛、疲倦、肌肉痛、感染部位疼痛,並伴有
盜汗。若不及時治療,疾病可遞延數月。病程期間常伴有淋巴結和肝
脾腫大、食慾減退等現象。根據感染方式和部位,可分為:
(一) 潰瘍腺體型(ulceroglandular type):
伴隨局部性淋巴結腫大的皮膚潰瘍,此型最為常見,一般係由
叮咬感染,佔發病總數的 75%至 85%。在病原入侵處會產生
一小潰瘍,輕度疼痛,皮膚可見發炎、膿瘍性丘疹,之後潰瘍
附近的腋下或腹股溝淋巴結腫大或壞死,50%經 1 至 2 個月
後消退。偶而會有淋巴結破潰流膿、傷口經久不癒的病患。
(二) 腺體型(glandular type):
有一個或以上腫大疼痛的淋巴結,但無原發性皮膚潰瘍。
(三) 眼部及口咽型(oculoglandular type and oropharyngeal
type):
發膿結膜炎,眼瞼有黃色的肉芽腫,並伴隨耳前淋巴腺炎;咽
頭炎或扁桃腺炎並伴隨頸部淋巴腺炎;眼結膜及咽部潰瘍,頸
或頜下淋巴結腫大或化膿,形成潰瘍,其膿液可培養出土倫病
菌。
(四) 胃腸型(intestinal type):
係由攝食被污染的食物或水而感染,細菌經小腸黏膜侵入。除
會發冷、發熱外,還會有腹痛、噁心、嘔吐、腹瀉、腸道膜淋
巴結腫大等現象,偶有腹膜炎。
(五) 肋膜肺部型(pleuropulmonary type):
經血液感染,細菌侵入肺部及肋膜腔。病徵為咳嗽、少痰、胸
骨壓痛。可能併發支氣管發炎、肺炎、肺囊腫、初級肺肋膜病
變或胸膜炎等,肺門淋巴結異常腫大。
(六) 類傷寒型(typhoidal type):
臨床表現似傷寒,肝脾腫大,血液培養陽性,病情較重,致死
率高;符合上述臨床症狀,且有節肢動物叮咬、與感染病原哺
乳類宿主之接觸史、或接觸可能受污染的水等暴露史。","具有下列任一個條件:
(一) 臨床檢體(皮膚病灶、胃抽出液、淋巴結抽出液或切片、鼻咽
沖洗液或痰)分離並鑑定出土拉倫法氏菌(Francisella
tularensis)。
(二) 血清學抗體檢測陽性:恢復期血清較急性期血清抗體效價≧4
倍上升。","具有下列任一個條件:
(一) 遭帶病原之壁蝨、鹿蠅等吸血性節肢動物叮咬。
(二) 曾接觸嚙齒類動物,或處理受污染之動物、屍體、毛皮、排泄
物。
(三) 食用或飲用受污染的食物、水,或吸入空中的致病原。",符合臨床條件及流行病學條件。,"(一) 可能病例:
NA
(二) 極可能病例:
NA
(三) 確定病例:
符合臨床條件及檢驗條件。","採檢項目 檢體種類 採檢目的 採檢時間 採檢量及規定 送驗方式 注意事項
1. 若無法取得急性期之血
清,請改採至少間隔 7
急性期(發病 天之恢復期血清 2 次。
7 天內) 以無菌試管收集 2. 檢體勿加入任何添加
血清 抗體檢測 ;恢復期(發
病14-20天之
3 mL血清。
物。
間) 3. 血清檢體見 2.8.3 及
兔熱病 低溫 2.8.4 備註說明,血清採
檢步驟請參考第 3.3 節
純化之菌株以拭
病原體鑑已分離菌株子沾滿一圈後置 本菌傳染性高,應謹慎操
菌株
定 時 入Cary-Blair保 作。
存輸送培養基。"
副傷寒,https://www.cdc.gov.tw/File/Get/2nVvks5ZQwbyITYFo4t0qA,第二類,pdfs/副傷寒.pdf,"具有下列任一個條件:
(一) 持續性發燒。
(二) 頭痛、不適、厭食。
(三) 相對性心跳過慢。
(四) 脾臟腫大。
(五) 身軀出現紅疹。
(六) 成年人較常出現便秘或腹瀉、淋巴組織病變。
感染者也可能只有輕微或非典型之症狀。","臨床檢體(糞便或血液)分離並鑑定出副傷寒桿菌(Salmonella
paratyphi A)。","具有下列任一個條件
(一) 食用被患者、帶菌者糞便或尿所污染之食物、飲水。
(二) 與確定病例具有密切接觸(如照護、同住),或食用確定病例
所烹調處理之食物。","具有下列任一個條件:
(一) 符合臨床條件。
(二) 經醫院自行檢驗,符合檢驗條件。","(一) 可能病例:
NA
(二) 極可能病例:
NA
(三) 確定病例:
符合檢驗條件。","採檢項目 檢體種類 採檢目的 採檢時機 採檢規定 運送條件 注意事項
以採血管採 5-10 mL
未投藥前血液,立即注入含 50
全血採檢步驟請參
全血 之發燒期mL TSB或BHI培養基 常溫
考第 3.1 節。
間 之嗜氧血瓶內,充分混
合。
以無菌細菌拭子之棉
棒,沾取混合均勻之糞 見 2.8.6 備註說明及
糞便 便 檢 體 , 置 入 圖 2.5,糞便採檢步
Cary-Blair 保存輸送培 驟請參考第 3.5 節。
養基。
未投藥前 尿液檢體請參考第
立即採檢 3.4 節。尿液檢體採
病原體檢
自下列患者:
測
以無菌容器收集 10mL 1. 確定合併感染埃
尿液
副傷寒 中段尿液。 及血吸蟲患者
低溫
2. 無症狀帶菌者或
慢性帶菌者中尿
液帶菌者
以無菌容器或採水袋
收集1 L以上可疑污染
自來水環
源水檢體,每 1 L 加
境檢體
0.05 g 硫代硫酸鈉
(sodium thiosulfate)
井水、水 以無菌容器或採水袋 傷寒、副傷寒流行病
溝水等環 收集1 L以上可疑污染 學調查時的檢體。
境檢體 源水檢體。
菌株鑑定 儘速送驗 純化之菌株以拭子沾 低溫(B
滿 一 圈 後 置 入類感染性
菌株
Cary-Blair 輸送培養 物質包
基。 裝)"
嚴重急性呼吸道症候群,https://www.cdc.gov.tw/File/Get/kgKsgv6JsJ00Cwofil7W3g,第一類,pdfs/嚴重急性呼吸道症候群.pdf,"同時具有下列四項條件:
(一) 發燒(≧38°C)。
(二) 一種或以上的下呼吸道症狀(咳嗽、呼吸困難、呼吸短促)。
(三) 放射線診斷學上有與肺炎或呼吸窘迫症候群一致的肺浸潤的
證據或者屍體解剖的發現與肺炎或呼吸窘迫症候群的病理學
一致。
(四) 無其他可替代的診斷能完全解釋疾病。","具有下列任一個條件:
(一) 臨床檢體(咽喉擦拭液、痰液、糞便及血液)分離並鑑定出
SARS-CoV 病毒。
(二) 臨床檢體 SARS-CoV 分子生物學核酸檢測陽性。
1. 至少二種不同之臨床檢體呈現陽性,比如:咽喉和糞便。
2. 相同部位但在疾病過程中,二個或二個以上不同時間取得
的檢體均呈現陽性,比如:一系列鼻咽部抽取液。
3. 從臨床檢體萃取出的 RNA 做二次不同的檢驗或重新萃取
的 RNA 進行重複 PCR 均呈陽性。
(三) 血清學抗體檢測陽性:ELISA 或 IFA 檢測抗體陽轉
(seroconversion)
1. 急性期血清抗體陰性,但恢復期血清抗體呈陽性。
2. 恢復期血清較急性期血清抗體效價≧4 倍上升。","發病前 10 日,具有下列任一個條件:
(一) 有 SARS 流行地區(經 WHO 宣布)之旅遊史。
(二) 有 SARS 確定病例之接觸史。
(三) 有與活性 SARS 冠狀病毒及感染 SARS 冠狀病毒個案臨床檢
體相關之暴露史。","具有下列任一個條件:
(一) 符合臨床條件及流行病學條件。
(二) 醫師或法醫師高度懷疑。","(一) 可能病例:
具有下列任一個條件:
1. 符合臨床條件及流行病學條件。
2. 未符合流行病學條件,但符合臨床條件,且為醫師高度懷
疑。
(二) 極可能病例:
符合臨床條件,且與確定病例具有流行病學之關聯。
(三) 確定病例:
1. 兩次流行期之間:同時符合臨床條件、流行病學條件及檢
驗條件。
2. 爆發流行時:符合檢驗條件與流行病學條件第一項至第三
項之任一條件。","採檢項目 檢體種類 採檢目的 採檢時間 採檢量及規定 送驗方式 注意事項
以無菌病毒拭子之 見2.8.5備註說明及咽
咽喉擦拭
棉棒擦拭咽喉,插入 喉採檢步驟請參考第
液 發病
病毒保存輸送管。 3.7 節及圖 3.7。
病 原 體 檢5 天內
以無菌容器收集排 痰液採檢步驟請參考
痰液 測
出之痰液。 第 3.9 節。
嚴重急性
發病 以糞便專用採檢瓶 見2.8.2備註說明及採
呼吸道症 糞便
7 天後 挖取約 1 g糞便。 低溫 檢步驟請見第 3.5 節。
候群
急性期 1. 血清檢體共需採檢
(SARS)
(發病 2 次。
病原體檢
1-5 天) 以無菌試管收集至 2. 血清檢體見2.8.3及
血清 測;抗體檢
;恢復期 少 3 mL血清。 2.8.4 備註說明及血
測
(發病 清採檢步驟請參考
14-20 天) 第 3.3 節。"
地方性斑疹傷寒,https://www.cdc.gov.tw/File/Get/lmPoQ5hjEnjYd2HWX18VsQ,第四類,pdfs/地方性斑疹傷寒.pdf,有頭痛、惡寒、疲勞、發燒、全身疼痛及出疹等現象。,"符合下列檢驗結果之任一項者,定義為檢驗結果陽性:
(一) 臨床檢體(血液)分離並鑑定出莫氏立克次體(Rickettsia
typhi)。
(二) 臨床檢體分子生物學核酸檢測陽性。
(三) 以間接免疫螢光染色法( Indirect Immunofluorescene
Assay,IFA)檢測急性期(或初次採檢)血清,IgM 抗體≧
1:80 且 IgG 抗體≧1:320。
(四) 以間接免疫螢光染色法,檢測配對(恢復期及急性期)血清,
莫氏立克次體特異性IgG 抗體有陽轉或4 倍以上上升。",NA,符合臨床條件。,"(一) 可能病例:
NA
(二) 極可能病例:
NA
(三) 確定病例:
符合檢驗結果陽性定義之任一項。","採檢項目 檢體種類 採檢目的 採檢時間 採檢規定 運送條件 注意事項
1.抗凝固全血採
檢請參考傳染病
以含抗凝劑
檢體採檢手冊第
抗凝固全 病原體檢 急性期且未
(heparin或
EDTA)採血管採 3.2節。
血 測
投藥前
集5-10 mL靜脈
2.血清勿加入任
血,並混合均勻 2-8°C(B
類感染性 何添加物。
物質包裝)
3.血清檢體見傳
地方性斑
染病檢體採檢手
疹傷寒
冊2.8.3及2.8.4
備註說明及採檢
步驟見第3.3節。
立即採檢 以無菌試管收集
血清 抗體檢測
3 mL血清 4.以不做二採為
原則,如有臨床上
個別需要,請連繫
檢體單一窗口。"
多重抗藥性結核病,https://www.cdc.gov.tw/File/Get/cnGwiX4fGbsDwBX0dL5mgQ,第二類,pdfs/多重抗藥性結核病.pdf,"(一)具有結核病之徵候或症狀如長期咳嗽、體重減輕、發燒等,
或胸部 X 光顯示疑似結核病灶。
(二)經抗結核藥物治療後臨床症狀或徵候之表現,無明顯改善,
懷疑為多重抗藥性結核病。","具下列任一條件:
(一)臨床檢體(如痰、肋膜液、胃洗液、支氣管沖洗液、組織
切片等)培養後,菌株經鑑定為結核菌群(Mycobacterium
tuberculosis complex),且藥物感受性試驗顯示至少同時對
isoniazid 及 rifampicin 具抗藥性。
(二)臨床檢體或鑑定為結核菌群(Mycobacterium tuberculosis
complex)之菌株,經分子檢測顯示至少同時對 isoniazid 及
rifampicin 具抗藥性。","(一)具有與多重抗藥性結核病確定病例之接觸史。
(二)醫師依據病史認為復發個案;或經抗結核藥物治療後失敗
或失落個案。
(三)居住於國內抗藥性高風險地區或具有 WHO 公布之結核
病或多重抗藥性結核病高負擔國家旅遊。",符合檢驗條件且已通報結核病。,"(一)可能病例:
NA
(二)極可能病例:
符合檢驗條件。
(三)確定病例:
同時具備下列兩項條件:
1. 符合極可能病例。
2. 藥物感受性試驗檢驗單位,傳統檢測須為疾病管制署
或多重抗藥性結核病認可實驗室,分子檢測須為疾病
管制署或指定實驗室。","傳染病 檢體種類 採檢目的 採檢時間 採檢量及規定 送驗方式 應保存種類 注 意
名稱 (應保存時間) 事項
病原體檢
測、藥物 2-8°C
臨床檢體 菌株(2年)
感受性試 詳傳染病檢體 (B 類感
驗 採檢手冊 3.9 染性物質
初次驗痰 痰液檢體 P650 包
多重抗藥 (未服藥 裝)
臨床檢體
性結核病 前)或
分子病原
配合案例
菌株 體檢測、 詳傳染病檢體 2-8°C 菌株(2年)
藥物感受 採檢手冊 (A類感
性試驗 3.15.2菌株檢 染性物質
體 P620包
裝)"
天花,https://www.cdc.gov.tw/File/Get/PliZELrp1f-tjibHx7v3FQ,第一類,pdfs/天花.pdf,"(一) 爆發流行前:
突然發燒 38.3°C(101°F)以上,接著會依序出現不同型態
及進展一致的皮膚病灶如紅疹、丘疹、水泡或膿疱,且無
其他明顯病因,並須特別與水痘(VZV)做鑑別診斷。
(二) 爆發流行時:
於發現第一例天花病例後,具有下列任一個條件:
1. 發燒 1 至 4 天後出現皮疹,且演進的發展性皮疹。
2. 突然發燒 38.3°C(101°F)以上;或並未出現符合臨床通
報定義之症狀。","具有下列任一個條件:
(一)臨床檢體(水泡液、膿疱液、瘡痂或組織等)分離並鑑
定出天花病毒(Variola virus)。
(二)臨床檢體分子生物學核酸檢測陽性。","曾接觸天花確定病例,如與確定病例有唾液、血液、組織液、
水泡液、脫落的皮屑、結痂、排泄物之接觸,或接觸天花病人
使用過沾有天花病毒之物品等。","具有下列任一個條件:
(一)符合臨床條件。
(二)爆發流行時,雖未出現臨床症狀,但醫師或法醫師高度
懷疑, 且患者與確定病例具有流行病學上相關者。","(一) 可能病例:
符合臨床條件
(二)極可能病例:
病患並未出現符合臨床通報定義之症狀,但臨床醫師高
度懷疑 是天花,且與確定病例具有流行病學之關聯。
(三)確定病例:具有下列任一個條件:
1. 符合臨床條件及檢驗條件。
2. 符合臨床條件,且與確定病例具有流行病學之關聯。",請參閱「傳染病檢體採檢手冊」(https://gov.tw/pK8)
小兒麻痺症/急性無力肢體麻痺,https://www.cdc.gov.tw/File/Get/YAgIUm8HqMTb_CZ5Gpvyow,第二類,pdfs/小兒麻痺症_急性無力肢體麻痺.pdf,"15 歲以下孩童出現任何急性無力肢體麻痺現象,但沒有感覺或認知
功能障礙。","臨床檢體(糞便或腦脊髓液)分離並鑑定出野生株小兒麻痺病毒(Wild
Poliovirus)。","具有下列任一個條件:
(一) 發病前 35 天,有小兒麻痺症疫區之旅遊史。
(二) 曾接觸確定感染個案之上呼吸道、口咽等分泌物或排泄物,與
確定感染個案有流行病學上關聯。",15 歲以下符合急性無力肢體麻痺臨床條件。,"(一) AFP 確定病例:
通報病例經 AFP 監視調查專家進行臨床調查後,判定符合
AFP 病例定義。
(二) 小兒麻痺症確定病例:
符合 AFP 確定病例條件及小兒麻痺症檢驗條件,經衛生福利
部傳染病防治審議委員會-小兒麻痺症根除成果保全證明組
專家審查確定。","應保存種類
採檢項目 檢體種類 採檢目的 採檢時間 採檢量及規定 送驗方式 注意事項
(應保存時間)
1. 糞便過大時,可用
發 病 14
扁平木棒將其弄
日內採取以本署提供之
小,放入瓶內,勿
2 次糞便密閉廣口塑膠 沾瓶口並旋緊瓶
蓋。
糞便 檢體,2瓶採集約 10 g
2. 檢體採集後立即冷
小兒麻痺 份檢體隔(約荔枝大) 2-8°C 藏,於72小時內送
症/急性無 病原體檢 日或連日新鮮糞便。 (B類生物 病毒株
達檢驗單位。
3. 糞便採檢步驟請參
力肢體麻 測 採取 物 質 包 (30日)
考第3.5.5節。
痺(AFP) 以無菌病毒拭裝)
發 病 14
子之棉棒擦拭
見2.8.5備註說明及
咽喉擦 天內採集
咽喉,插入病 咽喉採檢步驟請參
拭液 咽喉擦拭
考第3.7節及圖3.7。
毒 保 存 輸 送
液1次。
管。"
屈公病,https://www.cdc.gov.tw/File/Get/_rm8dfC15WLrQ55dC245Tg,第二類,pdfs/屈公病.pdf,"急性發燒≧38°C且有嚴重關節炎或關節痛,無法以其他醫學診斷解
釋者。","符合下列檢驗結果之任一項者,定義為檢驗結果陽性:
(一)臨床檢體分離並鑑定出屈公病毒。
(二)臨床檢體分子生物學核酸檢測陽性。
(三)急性期(或初次採檢)血清中,屈公病毒特異性IgM或IgG抗
體為陽性者。
(四)成對血清(恢復期及急性期)中,屈公病毒特異性IgM或IgG
抗體(二者任一)有陽轉或≧4倍上升。","具有下列任一個條件:
(一)住家或活動範圍附近有屈公病確定病例或有與屈公病確定病
例接觸史。
(二)有屈公病流行地區相關旅遊史。",符合臨床條件及流行病學條件。,"(一) 可能病例:
NA
(二) 極可能病例:
符合臨床條件及檢驗結果陽性定義之第三項。
(三) 確定病例:
符合檢驗結果陽性定義之第一、二、四項之任一項。","傳染病 採檢量及 應保存種類
採檢項目 採檢目的 採檢時間 送驗方式 注意事項
名稱 規定 應保存時間
1.檢體勿加入任
病毒株 何添加物。
急性期 (30 日) 2.若無法取得急
(發病7
日內) ;陽性血清 性期之血
(30 日) 液,請採間隔
7日之恢復期
血清,分 2次
2-8°C 送驗。
病原體檢 以無菌試 B類感染 3.血清檢體採檢
測;抗體 管收集 3 性物質 注意事項請
屈公病 血清
檢測 mL 血清 P650包裝 參閱傳染病
恢復期 檢體採檢手
(發病 陽性血清
冊2.8.3 及
14-40日 (30 日)
之間) 2.8.4備註說
明,血清檢體
採檢步驟請
參閱傳染病
檢體採檢手
冊第3.3 節。"
布氏桿菌病,https://www.cdc.gov.tw/File/Get/obMtZcnqzKru8XNv9li6Jw,第四類,pdfs/布氏桿菌病.pdf,"發燒且出現以下任ㄧ臨床表現,包括:盜汗、頭痛、關節痛、肌肉酸
痛、體重減輕、食慾不振、倦怠無力、憂鬱、腦膜炎、心內膜炎、肝
臟或脾臟腫大、睪丸炎或卵巢炎。","符合下列檢驗結果之任ㄧ項者,定義為檢驗結果陽性:
(一) 臨床檢體分離並鑑定出布氏桿菌屬(Brucella spp.)。
(二) 急性期或恢復期血清學抗體檢測陽性。","具有下列任ㄧ個條件:
(一)有布氏桿菌相關流行地區旅遊史,且曾食用未經消毒或消毒不
完全之動物製品(尤其乳製品)。
(二)曾接觸疑似受布氏桿菌感染之動物。
(三)進行布氏桿菌或檢體實驗室操作。","具有下列任一個條件:
(一)符合臨床條件及流行病學條件。
(二)經醫院自行檢驗,符合檢驗條件。","(一)可能病例:
NA
(二)極可能病例:
雖未經實驗室證實,但符合臨床條件及流行病學條件。
(三)確定病例:
符合臨床條件及檢驗條件。","採檢項目 檢體種類 採檢目的 採檢時間 採檢量及規定 送驗方式 注意事項
血清檢體見 2.8.3
急性期;以無菌試管收集至 及 2.8.4 備註說
血清 抗體檢測 低溫
恢復期 少3 mL血清。 明,血清採檢步驟
請參考第3.3節。
1. 以含抗凝劑
(heparin或
EDTA)採血管採
集5-10 mL 血液
全血採檢步驟請
檢體。
布氏桿菌 抗凝固全病原體檢急性發燒 參考第3.1節,抗
2. 以採血管採 5-10 常溫
病 血或全血 測 期 凝固全血採檢請
mL全血,立即注
參考第3.2節。
入嗜氧性血液培
養瓶(血液與培養
液比例為 1:5 至
1:10)。
純化之菌株以拭子低溫 1. 本 菌 傳 染 性
已分離菌 沾滿一圈後,置入(A 類感染 高,應謹慎操
菌株 菌株鑑定
株時 Cary-Blair 保存輸送性物質包 作。
培養基。 裝) 2. 儘速送驗。"
庫賈氏病,https://www.cdc.gov.tw/File/Get/SEB9twXT4NxGEseA3mkXpQ,第四類,pdfs/庫賈氏病.pdf,"一、 庫賈氏病(Creutzfeldt-Jakob Disease,CJD)
具有下列任一個條件:
(一) 進展快速之失智症或智能衰退(mental decline),且常規檢查
已排除可導致此情況的其他疾病。
(二) 具有下列任一個神經學症狀:
1. 肌躍症(myoclonus)。
2. 視覺異常(visual disturbance)或小腦功能失調(cerebellar
dysfunction)。
3. 錐體路(pyramidal)或錐體外路(extrapyramidal)功能異常。
4. 不動不語症(akinetic mutism)。
(三) 進行性神經精神異常(progressive neuropsychiatric disorder)。
二、 新型庫賈氏病(variant Creutzfeldt-Jakob Disease,vCJD)
具有下列任一個條件:
(一) 具有以下症狀:
1.進 行 性 神 經 性 精 神 異 常 ( progressive neuropsychiatric
disorder)且已排除其他疾病。
2. 無醫療暴露史。
3. 排除遺傳型人類傳播性海綿樣腦症。
(二) 具有下列任一症狀:
1. 有焦慮、憂鬱、退縮、淡漠及妄想等精神症狀。
104年7月16日核定
2. 明顯疼痛(frank pain) 和/或感覺異樣(dysaesthesia)。
3. 運動失調(ataxia)。
4. 肌躍症(myoclonus)或舞蹈症(chorea)或張力不全
(dystonia)。
5. 失智症(dementia)。","一、 庫賈氏病(Creutzfeldt-Jakob Disease,CJD)
具有下列任一個條件:
(一) 腦電圖(EEG):有週期性尖銳組合波(periodic sharp wave
complex, PSWC)。
(二) 腦部核磁共振(MRI):在尾核(caudate)或殼核(putamen)
有高密度變化(high density in diffusion and or flair/T2);或皮
質緞帶徵象(cortical ribbon)。
(三) 臨床檢體(腦脊髓液):14-3-3 蛋白檢測陽性。
(四) 經免疫細胞化學反應(immunocytochemistry)或西方點墨法
(western blot)檢驗發現有能抵抗蛋白脢分解的普利昂蛋白
(protease-resistant prion protein,PrP-res)。
(五) 具有下列任一個條件:
1. 大腦或小腦的皮質或皮質下灰質有海綿樣腦病變。
2. 腦病變伴隨普利昂蛋白免疫反應(PrP immunoreactivity)(此
免疫反應的型態有: plaque、diffuse synaptic and patchy/
perivacuolar types)。
(六) 特異性普利昂蛋白質基因(PRNP)突變。
二、 新型庫賈氏病(variant Creutzfeldt-Jakob Disease,vCJD)
具有下列任一個條件:
(一) 病程初期腦電圖無散發型庫賈氏病之典型週期性尖銳組合波
(periodic sharp wave complex, PSWC)。
(二) 核磁共振顯示在丘腦枕(pulvinar)有雙側對稱性墊狀隆起病
徵(pulvinar high signal)。
(三) 扁桃腺組織檢查陽性。
(四) 大腦及小腦有海綿樣腦病變、大量普利昂蛋白沈積物及多樣
性斑塊(florid plaques)。","104年7月16日核定
具有下列任一個條件:
(一) 曾使用人類腦下垂體賀爾蒙製劑治療。
(二) 曾接受人類硬腦膜移植。
(三) 曾接受確定/極可能/可能庫賈氏病個案之眼角膜移植。
(四) 曾有暴露於確定/極可能/可能庫賈氏病個案所接觸過之神經外
科器械者。","進展快速之失智症或智能衰退(mental decline) 或 進行性神經性精
神異常(progressive neuropsychiatric disorder),且已排除其他疾病,
並 具有下列任一個條件:
(一) 具有下列任一個神經學症狀:
1. 肌躍症(myoclonus)或舞蹈症(chorea)或張力不全
(dystonia)。
2. 視覺異常(visual disturbance)或小腦功能失調(cerebellar
dysfunction)。
3. 錐體路(pyramidal)或錐體外路(extrapyramidal)功能異
常。
4. 不動不語症(akinetic mutism)。
5. 明顯疼痛(frank pain) 和/或感覺異樣(dysaesthesia)。
(二) 腦電圖(EEG)有週期性尖銳組合波(periodic sharp wave
complex, PSWC)。
(三) 腦部核磁共振(MRI)具有下列任一條件:
1. 在尾核(caudate)或殼核(putamen)有高密度變化(high
density in diffusion and or flair/T2)或皮質緞帶徵象(cortical
ribbon)。
2. 丘腦枕(pulvinar)有雙側對稱性墊狀隆起病徵(pulvinar high
signal)。","一、 散發型庫賈氏病(sporadic CJD, sCJD):
(一) 可能病例:
符合臨床條件一、(一) 與
臨床條件一、(二)4 項中至少 2 項症狀,且病程小於 2 年。
104年7月16日核定
(二) 極可能病例:
具有下列任一個條件:
1. 符合臨床條件一、(一) 與
臨床條件一、(二)4 項中至少 2 項症狀 及
檢驗條件一、(一)。
2. 符合臨床條件一、(一) 與
臨床條件一、(二)4 項中至少 2 項症狀 及
檢驗條件一、(二)。
3. 為散發型庫賈氏病可能病例 且
符合檢驗條件一、(三)。
(三) 確定病例:
具有下列任一條件:
1. 符合檢驗條件一、(四)。
2. 符合檢驗條件一、(五)。
二、 醫源型庫賈氏病(iatrogenic CJD, iCJD):
(一) 可能病例:
為散發型庫賈氏病可能病例 且
具有 4 項流行病學條件中任一項。
(二) 極可能病例:
為散發型庫賈氏病極可能病例 且
具有 4 項流行病學條件中任一項。
(三) 確定病例:
為散發型庫賈氏病確定病例 且
具有 4 項流行病學條件中任一項。
三、 遺傳型庫賈氏病(familial or inherited CJD):
(一) 可能病例:
無 (not applicable)
(二) 極可能病例:
具有下列任一個條件:
104年7月16日核定
1. 符合臨床條件一、(三) 且
其父母、兄弟姊妹或子女中有人類普利昂病之確定或極可能
病例。
2. 符合臨床條件一、(三) 且
符合檢驗條件一、(六)。
(三) 確定病例:
具有下列任一個條件:
1. 經病理學確診為人類普利昂病 且
其父母、兄弟姊妹或子女中有人類普利昂病之確定或極可能
病例。
2. 經病理學確診為人類普利昂病 且
符合檢驗條件一、(六)。
四、 新型庫賈氏病(variant Creutzfeldt-Jakob Disease, vCJD):
(一) 可能病例
符合臨床條件二、(一) 與
臨床條件二、(二)5 項中至少 4 項症狀 及
檢驗條件二、(一),且經衛生福利部疾病管制署庫賈氏病之病
例審查會議專家審查確定。
(二) 極可能病例
具有下列任一個條件,且經衛生福利部疾病管制署庫賈氏病之
病例審查會議專家審查確定:
1. 符合臨床條件二、(一) 與
臨床條件二、(二)5 項中至少 4 項症狀 及
檢驗條件二、(一)與(二)。
2. 符合臨床條件二、(一) 及
檢驗條件二、(三)。
(三) 確定病例
符合臨床條件二、(一)第 1 項症狀 與 檢驗條件二、(四),
且經衛生福利部疾病管制署庫賈氏病之病例審查會議專家審
查確定。
104年7月16日核定","應保存種類
傳染病
採檢項目 採檢目的 採檢時間 採檢量及規定 送驗方式 (應保存時 注意事項
名稱
間)
1. 請參閱「庫賈
氏病及其他人
1. 防漏無菌試管(塑
類傳播性海綿
臨床測定 膠材質)收集腦脊
樣腦症感染管
庫賈氏病 (EEG、 髓液至少2 mL。
制與病例通報
腦脊髓液 標示蛋白 MRI、 2. 每 管 外 覆 吸 水 -
指引手冊」。
檢測 CTScan) 紙,並以夾鏈袋密2-8oC
2. 脊髓液採檢步
疑似時 封,再置於檢體罐(B類感染
驟請參考第 3.6
(第二層容器)中。性物質包
節,由醫師採
裝)
檢。
臨床測定
以含抗凝劑
(EEG、
基因型別 (heparin或EDTA)
MRI、 -
檢測* 採血管採集5-10 mL
CTScan)
抗凝固全血採檢
抗凝固全 血液檢體。
疑似時 步驟請參考第 3.2
血
以含抗凝劑 22-35oC 節。
庫賈氏病
普利昂蛋 病例審查 (heparin或EDTA)(B類感染
白檢測 會建議時 採血管採集5-10 mL 性物質包
血液檢體2管。 裝)
1.無菌容
器之組織
以冷凍方
請參閱「庫賈氏病
扁桃腺組織分別以 式運送。 及其他人類傳播
1.無菌容器收集至
2.泡置於 性海綿樣腦症
扁桃腺組 普利昂蛋 病例審查 福馬林之 感染管制與病例
少50 mg。
織檢體 白檢測 會建議時 組織以常 通報指引手冊」及
2.含有福馬林之容
溫22-35 「醫療機構感染
器收集至少50 mg。 oC運送。 管制手冊彙編」。
(B類感染
性物質包
裝)
*基於倫理考量,有關基因型別檢測請醫師對病患本人或其法定代理人或家屬說明檢測
之原因、效益,請其填妥後附之同意書(1 式 2 份)後始得為之,並請於檢體送驗時
併附同意書正本1份。
104年7月16日核定
庫賈氏病通報個案 基因檢測說明書
一、疾病簡介:
人類普利昂病又稱人類傳播性海綿樣腦症,係指庫賈氏病(CJD)、新
型庫賈氏病(vCJD)等,其中的庫賈氏病(CJD)分為散發型、醫源型及
遺傳型3種型式。依據國外文獻資料顯示,散發型庫賈氏病佔總病例數約85
%,發生原因不明;醫源型庫賈氏病佔總病例數少於1%,為各種醫療行為
所造成之感染;遺傳型庫賈氏病佔總病例數10~15%,吉斯曼-史特斯勤-先
克症候群(Gerstmann-Sträussler-Scheinker syndrome,GSS)與致死性家族
性失眠症(Fatal Familial Insomnia,FFI)均為家族顯性遺傳型普利昂病,
可應用基因檢測「普利昂蛋白質基因(PRNP)」協助診斷此類遺傳型庫賈
氏病。
依文獻資料顯示,吉斯曼-史特斯勤-先克症候群(GSS)每年發生率約
為千萬分之一,病患皆有家族史,發病年齡平均為43-48歲,發病後平均壽
命為5年;而致命性家族性失眠症(FFI),平均發病年齡為56歲,發病後平
均壽命為13個月。
二、檢測效益:
本項基因檢測可瞭解庫賈氏病通報個案是否有普利昂蛋白質基因
(PRNP)變異,其結果可提供本人疾病診斷之依據。
三、檢體種類:
104年7月16日核定
5-10 c.c.血液。
四、檢測風險:
與一般抽血檢驗相同,少數人抽血部位會因皮下滲血而瘀青。
五、檢體處理與保存:
抽取之血液將置於含抗凝劑(heparin或EDTA)之試管,以低溫(2-8°C)
運送至衛生福利部疾病管制署研究檢驗中心。受檢者之檢體會被妥善使
用、處理與保存,檢測完畢後,檢測單位將以無法辨認個人資料的方式保
存或確實銷毀。
六、檢驗費用及報告時程:
庫賈氏病為第4類法定傳染病,檢驗費用由公務預算支應。實驗室於接
獲檢體後3個月內將檢驗結果提供給通報醫師。
七、其他事項
基因檢測有其侷限性,檢驗結果無法明確預測近親罹患遺傳型庫賈氏
病的機率,僅供臨床參考。
104年7月16日核定
庫賈氏病通報個案 基因檢測同意書
病人: ,出生於民國 年 月 日,因疑似罹患庫
賈氏病,同意接受特異性普利昂蛋白質基因(PRNP)基因檢測。立同意書
人已經與醫師討論過接受這個檢測的效益與風險,對醫師的說明都已充分
了解且同意由 醫院代為抽血送交衛生福利部疾病管制署進
行該項基因檢測,並同意將檢驗結果提供疾病管制署及通報醫院作為疾病
研判的參考。
檢驗結果是否提供立同意書人(請勾選):
□提供,檢驗結果寄送地址:
□不提供
立同意書人: (簽章) 身分證字號:
與病人之關係(請圈選):本人、配偶、父、母、兒、女、其他:___
住址: 電話:
日期:民國 年 月 日
104年7月16日核定"
弓形蟲感染症,https://www.cdc.gov.tw/File/Get/CtQBEKJZfLJQIYl_5ab5dg,第四類,pdfs/弓形蟲感染症.pdf,"具備下列任一條件者:
(一)先天性感染者:新生兒出生後出現疑似弓形蟲感染症,如:腦鈣
化、水腦、小腦、視網膜脈絡膜炎、青光眼、肺炎、心肌炎、肝脾腫
大、皮疹、新生兒黃疸等症狀。
(二)後天感染者:大部分無症狀,僅10%~20%的病人會於急性期出
現淋巴結腫大或類似感冒症狀。免疫系統缺陷的人則可能有視網膜
脈絡膜炎、肺炎、心包膜炎、心肌炎、腦炎等症狀。","具有下列任一個條件:
(一)組織切片發現弓形蟲。
(二)臨床檢體(血液或體液)分離並鑑定出弓形蟲(Toxoplasma
gondii)。
(三)臨床檢體分子生物學核酸檢測陽性。
(四) 血清學檢測抗體陽性:成對血清中,抗弓形蟲之 IgM 及 IgG 抗
體陽性,且第一次血清 IgG 親和力試驗為低親和力,第二次血
清抗弓形蟲之 IgG 抗體顯著上升。","具有下列任一個條件:
(一) 曾有貓的接觸史。
(二) 食入未經煮熟的動物肉、組織或體液,或食入含有貓排出的卵
囊污染的食物或水。。
2020年8月
(三) 母子垂直感染。
(四) 輸血、器官移植感染。","具有下列任一個條件:
(一)符合臨床條件。
(二)經醫院自行檢驗,符合檢驗條件。","(一) 可能病例:NA
(二) 極可能病例:雖未經實驗室證實,但符合臨床條件及流行病學
條件。
(三) 確定病例:符合臨床條件及任一項檢驗條件。","傳染病名稱 採檢項目 採檢目的 採檢時機 採檢量及規定 送驗 注意事項
抗凝固全 病原體檢 未投藥前立 以含抗凝劑(EDTA 抗凝固全血採檢步
血 測 即採檢 採血管採集 5 mL 驟請參考第 3.2 節。
血液,並混合均勻。
腦脊髓液採檢步驟
請參考第3.6節,由醫
腦脊髓液 病原體檢 未投藥前立 以無菌檢體小瓶收 師採檢。
測 即採檢 集0.5mL腦脊髓液
弓形蟲
2-8oC
共需採檢2次。但一
(B 類感染
採血清 IgG 及 IgM
感染症
性 物 質
皆為陰性者,則不需
P650包裝)
再做二採。
急性期(發
血清檢體見 2.8.3 及
病7日內);
血清 抗體檢測 恢復期(發 以無菌試管收集 2.8.4 備註說明,血
3 mL 血清 清採檢步驟請參考
病14天後)
第3.3 節。
若無法取得急性期
之血液,請採間隔
14天-20天之恢復期
血清,分2次送驗。
2020年8月"
後天免疫缺乏症候群,https://www.cdc.gov.tw/File/Get/eJQb1JmRMxdxMgL8L5F3RA,第三類,pdfs/後天免疫缺乏症候群.pdf,"經醫師診斷為伺機性感染或AIDS 有關的腫瘤,如:肺囊蟲肺炎、
弓形蟲感染、隱球菌症、食道念珠菌症等(詳如次頁後天免疫缺
乏症候群個案報告單背面表列,AIDS 之診斷依據)。","確認為HIV感染,且依不同年齡,其CD4值或比例為:
(一)年齡滿 6 歲(含)以上:<200 Cells/mm3 或<14%。
(二)年齡介於 1 至 6 歲:<500 Cells/mm3 或<22%。
(三)年齡小於 1 歲:<750 Cells/mm3 或<26%。",NA,"具有下列任一個條件,且排除 HIV 急性初期感染*
(一)確認為 HIV 感染者,符合臨床條件。
(二)確認為 HIV 感染者,CD4 值或比例符合檢驗條件(CD4
值為診斷之優先考量,若無 CD4 值才採用 CD4 比例。)
* HIV 急性初期感染(符合以下任一條件):
1. 依據過去檢驗紀錄:本次 HIV-1/2 抗體確認檢驗方法
(抗體免疫層析檢驗法或西方墨點法)或 HIV 分子生物
學核酸檢測(NAT)陽性,且確診通報前 180 天內,有
任一 HIV 檢驗結果是陰性或未確定者,包含:HIV 抗原/
抗體複合型篩檢、抗體篩檢(EIA 或 PA)、HIV-1/2抗
體確認檢驗或 HIV 分子生物學核酸檢測(NAT)。
2. 本次確診檢驗流程中,於 HIV 分子生物學核酸檢測NAT
檢驗陽性前後 180 日內有任一抗體檢驗結果為陰性或未
確定者。
3. 本次檢驗流程中,HIV 抗原/抗體複合型篩檢結果為「抗
原陽性」者。","(一)可能病例:
NA
(二)極可能病例:
NA
(三)確定病例:
排除 HIV 急性初期感染,且符合臨床條件或檢驗條件。
【密件】 後天免疫缺乏症候群(AIDS)個案報告單
※【確認為 HIV 感染者,欲通報 AIDS 前,請先排除個案為「急性初期感染」再行通報,若不清楚最近
180 天內的檢驗結果,符合 AIDS 通報定義仍請通報】
HIV 急性初期感染(符合以下任一條件):
(1) 依據過去檢驗紀錄:本次 HIV-1/2 抗體確認檢驗方法(抗體免疫層析檢驗法或西方墨點法)或 HIV
分子生物學核酸檢測(NAT)陽性,且確診通報前 180 天內,有任一 HIV 檢驗結果是陰性或未確定
者,包含:HIV 抗原/抗體複合型篩檢、抗體篩檢(EIA 或 PA)、HIV-1/2 抗體確認檢驗或 HIV 分子
生物學核酸檢測(NAT)。
(2) 個案本次確診檢驗流程中,於 HIV 分子生物學核酸檢測 NAT 檢驗陽性前後 180 日內有任一抗體檢
驗結果為陰性或未確定者。
(3) 本次檢驗流程中,HIV 抗原/抗體複合型篩檢結果為「抗原陽性」者。
HIV(+)NO.
□□□-□□-□□
電腦編號:
醫師診斷日: 年 月 日 AIDS NO.
醫師報告日: 年 月 日 □第一次報告 □資料更新
(衛福部編號,請勿填寫)
個案目前狀況:□1.住院治療 □2.門診治療 □3.死亡( 年 月 日)
□4.離境( 年 月 日) □5.其他 □6.不詳
一、 基本資料
出生日期 性別 電話
個案姓名 身分證字號(護照號碼)
年 月 日 男 女 (區域碼)話號碼
公
宅
□中華民國 □台灣地區 □大陸地區 已婚 未婚 離婚 分居 鰥寡
國籍 婚姻狀況
□外籍 (填寫國家名稱)
是 是
職業 目前是否懷孕? 是否曾經受過 HIV 抗體檢查?
否 否
縣 鄉市 村
市 鎮區 里 鄰
戶籍所在地
路
街 段 巷 弄 號之 ( 樓)
縣 鄉市 村
市 鎮區 里 鄰
現住址
路
街 段 巷 弄 號之 ( 樓)
二、 AIDS 確診之診斷依據
確認為 HIV 感染者,且
□1.CD4 值或比例符合檢驗條件 (CD4= cells/mm3 或 %)或 □2.出現以下任一種伺機性感染
三、 臨床症狀診斷依據:
日 日
診斷依據(疾病) 勾 期 診斷依據(疾病) 勾 期
選 選
年 月 年 月
Candidiasis of bronchi, trachea, or lungs Lymphoma, immunoblastic (or equivalent term)
念珠菌症(支氣管、氣管、或肺) 淋巴瘤(免疫芽細胞)
Candidiasis, esophageal Lymphoma, primary, of brain
念珠菌症(食道) 淋巴瘤(腦部之初發性)
Coccidioidomycosis, disseminated or extrapulmonary Mycobacterium avium complex or M. kansasii,
珠狀孢子蟲病(散佈性或肺外部位) disseminated or extrapulmonary
散佈性或肺外部位禽型分枝桿菌群或堪薩斯分枝桿
菌感染
日 日
診斷依據(疾病) 勾 期 診斷依據(疾病) 勾 期
選 選
年 月 年 月
Cryptococcosis, extrapulmonary M. tuberculosis infection, pulmonary
隱球菌症(肺外) 肺結核***
Cryptosporidiosis, chronic intestinal (greater than 1
M. tuberculosis infection, extrapulmonary
month's duration)
肺外結核
隱孢子蟲症(慢性腸炎)(一個月以上)
Mycobacterium, other species or unidentified
Cytomegalovirus disease (other than liver, spleen, or
species, disseminated or extrapulmonary
nodes)
其他種類或未確定種類的分枝桿菌引起的散佈性或
巨細胞病毒症(肝臟、脾臟或淋巴結以外)
肺外部位感染
Pneumonia, recurrent (more than one episode in
Cytomegalovirus retinitis (with loss of vision)
a 1-year period)
巨細胞病毒性視網膜炎**
一年之內復發的肺炎***
Encephalopathy, HIV-related Pneumocystis carinii (jiroveci) pneumonia
愛滋病毒性腦病變 肺囊蟲肺炎
Herpes simplex: chronic ulcer(s) greater than 1
month's duration); or bronchitis, pneumonitis, or Progressive multifocal leukoencephalopathy
esophagitis 單純性疱疹病毒感染:慢性潰瘍(一個月
進行性多發性白質腦病變
以上)或支氣管炎、肺炎及食道炎**
Histoplasmosis, disseminated or extrapulmonary Salmonella septicemia, recurrent
組織胞漿菌症(散佈性或肺外部位) 沙門氏菌血症(再發性)
Isosporiasis, chronic intestinal (greater than 1
month's duration)等孢子蟲症(慢性腸炎)(一個月以 Toxoplasmosis of brain 腦部弓蟲症**
上)
Kaposi’s sarcoma Wasting syndrome due to HIV
卡波西氏肉瘤 HIV 引起的消耗性症候群
Lymphoma, Burkitt's (or equivalent term) Cervical cancer, invasive
勃克氏淋巴瘤 侵犯性的子宮頸癌***
Penicilliosis marneffei, disseminated or Bacterial infections, multiple or recurrent
extrapulmonary 青黴菌感染(散佈性或肺外部位) 多重或復發的細菌感染*
*Only among children aged <6 years. 僅適用於年齡 6 歲以下個案。**Onset at age >1 month. 僅適用於年齡滿 1 個月後診斷之個案。
***Only among adults, adolescents, and children aged ≥6 years. 僅適用於年齡滿 6 歲(含)以上個案。
備註(補充資料):
報告所 院 所
名 稱 住 址
診斷師 聯 絡 ( )
簽 章 電 話
此欄由衛生局填寫( 縣市衛生局)
收到日期 承辦人簽章 科(課)長簽章
年 月 日
衛生福利部疾病管制署 (02)2395-9825 FAX:(02)2391-3482",
德國麻疹,https://www.cdc.gov.tw/File/Get/rOf66uuG5CobgGeRxR-Jtw,第二類,pdfs/德國麻疹.pdf,"同時具備下列症狀者:
(一) 急性全身出現斑丘疹。
(二) 耳溫或肛溫≧37.2°C。
(三) 有關節炎、關節痛、急性頸部或頭部淋巴腺腫大、或結膜炎等
症狀之一者。","具有下列任一個條件:
(一) 臨床檢體(血液或咽喉擦拭液)分離並鑑定出德國麻疹病毒
(Rubella virus)。
(二) 臨床檢體分子生物學核酸檢測陽性。
(三) 血清學抗體檢測陽性:單一血清檢體 IgM 抗體陽性或急性期
與恢復期之成對血清檢體 IgG 抗體顯著上升。","具有下列任一個條件:
(一) 發病前三週內,曾有德國麻疹流行地區旅遊史。
(二) 確定病例之接觸者,或曾直接接觸確定病例之鼻咽分泌物。","具有下列任一個條件:
(一) 符合臨床條件。
(二) 經醫院自行檢驗,符合檢驗條件。","為配合三麻一風疾病根除保全與消除作業,部分個案需由防疫醫師進
行病例判定。
(一) 可能病例:
符合臨床條件。
(二) 極可能病例:
雖未經實驗室檢驗證實,但符合臨床條件及流行病學條件任一
項。
(三) 確定病例:
具有下列任一個條件:
1. 符合臨床條件及檢驗條件。
2. 符合臨床條件,未接種德國麻疹相關疫苗或接種史不明,
且符合流行病學條件","採檢項目 檢體種類 採檢目的 採檢時機 採檢規定 運送條件 注意事項
1. 檢體對象若
為懷孕婦女,請
特別於附送之檢
體送驗單內註
急性期(發
明”孕婦”。
病 7 天
2. 血清檢體必
內);恢復期以無菌試管收集至
血清 抗體檢測 要時需採檢 2
( 發 病少 2 mL 血清。
次。
14-40 天之
德國麻疹 低溫 3. 血清檢體見
間)
2.8.3及2.8.4備
註說明及血清採
檢步驟請參考第
3.3 節。
以無菌病毒拭子之 咽喉採檢見 2.8.5
咽喉擦拭 發病 棉棒擦拭咽喉,插 備註說明及咽喉
病原體檢測
液 7 天內 入病毒保存輸送 採檢步驟請參考
管。 第3.7節及圖3.7。"
急性病毒性A型肝炎,https://www.cdc.gov.tw/File/Get/O10f9cko_ouJDUc9zGVyNQ,第二類,pdfs/急性病毒性A型肝炎.pdf,"同時具有下列二個條件:
(一) 出現急性發作症狀:包括發燒、全身倦怠、噁心、嘔吐、腹部不舒
服等。
(二) 黃疸或ALT上升。","具有下列任一個條件:
(一) 血清學 A 型肝炎 IgM 抗體檢測陽性且12週內未接種A型肝炎疫
苗。
(二) A型肝炎病毒核酸(RNA)檢測陽性。","具有下列任一個條件:
(一) 於發病前15-50天內曾與確定病例有密切接觸(例如:同住、性接觸
等)。
(二) 食用受污染的水、食物等,或曾與確定病例暴露共同感染源。","(一) 符合臨床條件及檢驗條件者。
(二) 符合臨床條件及流行病學條件者。
(三) 符合檢驗條件(二)。","(一)可能病例:
NA
(二)極可能病例:
符合臨床條件及流行病學條件者。
(三)確定病例:
具有下列任一個條件:
1. 符合臨床條件及檢驗條件(一)。
2. 符合檢驗條件(二)。
2024年11月12日修訂,2025年1月1日實施","請參閱「傳染病檢體採檢手冊」(路徑:衛生福利部疾病管制署全球資訊
網(https://www.cdc.gov.tw/)/應用專區/檢驗/傳染病檢體採檢手冊)。
2024年11月12日修訂,2025年1月1日實施"
急性病毒性B型肝炎,https://www.cdc.gov.tw/File/Get/Ss2safe_60JK6biJb7j-jw,第三類,pdfs/急性病毒性B型肝炎.pdf,"同時具有以下三項條件:
(一) 急性肝炎症狀或肝功能異常(ALT≧100 IU/l)
(二) 血清學 HBsAg 抗原檢測陽性。
(三) 排除慢性肝炎急性發作或其他原因引起之肝功能異常發炎。",血清學 B 型肝炎 IgM 核心抗體(IgM anti-HBc) 檢測陽性。,NA,符合臨床條件或檢驗條件。,"(一)可能病例:
NA
(二)極可能病例:
NA
(三)確定病例:
符合臨床條件及檢驗條件。","採檢項目 檢體種類 採檢目的 採檢時機 採檢量及規定 送驗條件 注意事項
1.檢體勿加入
任何添加物。
急性病毒 2.血清檢體見
抗體檢 以無菌試管收
性B 型肝 血清 立即採檢 低溫 2.8.3 及2.8.4
測 集3 mL 血清。
炎 備註說明,血
清採檢步驟請
參考第3.3 節"
急性病毒性C型肝炎,https://www.cdc.gov.tw/File/Get/SDUQZqDz7qhQbweJurRWjQ,第三類,pdfs/急性病毒性C型肝炎.pdf,"同時具有以下二項條件:
(一) 急性肝炎症狀或肝功能異常(ALT ≥ 100 IU/L)。
(二) 排除慢性肝炎急性發作或其他原因引起之肝功能異常發炎。","(一) 血清 C 型肝炎病毒抗體(anti-HCV)、C 型肝炎病毒核酸(HCV RNA)、
C 型肝炎病毒抗原(HCV antigen)任一檢測陽性。
(二) 曾檢驗血清 anti-HCV 陰性,後於一年內轉變成 anti-HCV 陽性
※1。
(三) 血清 HCV RNA 或 HCV antigen 檢測陽性,且 anti-HCV 陰性。
(四) 曾檢驗血清HCV RNA或HCV antigen陰性,後於一年內轉變成HCV
RNA 或 HCV antigen 陽性
※2。
(五) C 型肝炎治療療程結束且達持續性病毒反應(sustained viral response,
SVR)者,後經檢驗轉變成 HCV RNA 或 HCV antigen 陽性,且經臨
床及檢驗評估排除延遲復發屬新感染個案。",NA,"符合臨床條件及檢驗條件第(一)項,或符合檢驗條件第(二)項至第(五)
項之任一項。
※1 若臨床醫師懷疑第一次 anti-HCV 陽性可能為偽陽性尚未通報,請複驗 anti-HCV,
或檢測HCV RNA、HCV antigen,依檢驗結果,即時通報。
※2 於 C 型肝炎治療中或曾接受治療但尚未達 SVR 之患者,若經檢測為感染不同基因
型別C 型肝炎病毒之新感染,須通報。
2021年2月","(一) 可能病例:NA。
(二) 極可能病例:NA。
(三) 確定病例:符合臨床條件及檢驗條件第(一)項,或符合檢驗條件
第(二)項至第(五)項之任一項。","傳染病 採檢量及 應保存種類
採檢項目 採檢目的 採檢時間 送驗方式 注意事項
名稱 規定 應保存時間
抗體檢測
1. 檢體請勿加
入任何添加
物。
2. 血清檢體採
檢注意事項
急性 2–8 °C
抗原檢測 以無菌試管 請參閱「傳染
病毒性 B類感染性 陽性血清
血清 立即採檢 收集3 mL血 病檢體採檢
C型 物質P650 (30日)
清 手冊」2.8.3
肝炎 包裝
及 2.8.4備註
說明,血清檢
體採檢步驟
請參閱該手
病原體 冊第3.3節。
檢測
備註:
1. C型肝炎病毒之檢驗方法、步驟及結果判定等資訊,可參閱「傳染病標準檢驗方法手冊」。
2. 「傳染病檢體採檢手冊」及「傳染病標準檢驗方法手冊」可至疾病管制署全球資訊網
(https://www.cdc.gov.tw)首頁之檢驗(傳染病檢驗資訊與規定)項下查詢。
2021年2月"
急性病毒性D型肝炎,https://www.cdc.gov.tw/File/Get/eQXAisx81-mOhm5oB5IPHA,第三類,pdfs/急性病毒性D型肝炎.pdf,"個案為 B 型肝炎帶原者,且經醫師臨床診斷為急性 D 型肝炎。
並同時具有下列二項條件:
(一) 出現急性發作症狀:包括發燒、全身倦怠、噁心、嘔吐、腹部
不舒服等。
(二) 黃疸或 ALT 上升。","血清學 B 型肝炎表面抗原(HBsAg)及 D 型肝炎 IgM 抗體(IgM
anti-HDV)檢測陽性。(急性 D 型肝炎檢驗部分送疾病管制署確認)","個案為 B 型肝炎帶原者,並具有下列任一個條件:
(一) 與 D 型肝炎個案性行為或血體液接觸。
(二) 使用受 D 型肝炎病毒所污染之注射器、針頭、針灸紋眉、穿
耳洞、刺青等器具。
(三) 與 D 型肝炎感染者共用刮鬍刀、牙刷等行為。
(四) 與經實驗室證實之確定病例具有流行病學之關聯。",符合臨床條件、檢驗條件及流行病學條件任一者。,"(一) 可能病例:
NA
(二) 極可能病例:
NA
(三) 確定病例:
符合臨床條件及檢驗條件。","採檢項目 檢體種類 採檢目的 採檢時機 採檢規定 運送條件 注意事項
1. 檢體勿加入
任何添加物。
急性病毒
2. 血清檢體見
性肝炎 以無菌試管收集
血清 抗體檢測 立即採檢 低溫 2.8.3及2.8.4備
(除 A 型 3 mL 血清。
註說明,血清採
外)
檢步驟請參考第
3.3 節。"
急性病毒性E型肝炎,https://www.cdc.gov.tw/File/Get/8FAsD6HI0EVMPU6PDwAQSw,第三類,pdfs/急性病毒性E型肝炎.pdf,"經醫師臨床診斷為急性病毒性肝炎,且排除急性 A、B、C 型肝炎感染,
並同時具有下列二項條件:
(一) 出現急性發作症狀:包括發燒、全身倦怠、噁心、嘔吐、腹部
不舒服等。
(二) 黃疸或 ALT 上升。","(一) 血清學 E 型肝炎 IgM 抗體(IgM anti-HEV)檢測陽性。
(二) E 型肝炎病毒核酸(RNA)檢測陽性。","具有下列任一個條件:
(一) 曾與確定病例有密切接觸、同住。
(二) 食用受污染的水、食物等,或曾與確定病例暴露共同感染源。",符合臨床條件、檢驗條件及流行病學條件任一者。,"(一) 可能病例:NA
(二) 極可能病例:符合臨床條件及流行病學條件。
(三) 確定病例:符合臨床條件及任一項檢驗條件。
2019年7月","採檢量 應保存種類
傳染病名稱 採檢項目 採檢目的 採檢時間 送驗方式 注意事項
及規定 應保存時間
1. 檢體勿加
入 任 何添
加物。
2. 血清檢體
抗體檢測
採 檢 注意
事 項 請參
閱 傳 染病
急性病毒性 以無菌試管 檢 體 採檢
2–8 °C 陽性血清
E型肝炎 血清 立即採檢 收集3 mL 手冊 2.8.3
B 類感染性物質 (30日)
血清 及 2.8.4 備
P650包裝
註說明,血
清 檢 體 採
病原體 檢 步 驟請
檢測 參 閱 傳染
病 檢 體 採
檢 手 冊 第
3.3節。
2019年7月"
急性病毒性肝炎未定型,https://www.cdc.gov.tw/File/Get/VI0ZW7okpJgReFZza2yPgg,第三類,pdfs/急性病毒性肝炎未定型.pdf,"具有急性肝炎之症狀(如黃疸、茶色尿、疲倦、腹痛、胃口差、噁心、
嘔吐)及 ALT 上升 2.5 倍以上,排除藥物、中毒性肝炎、自體免疫性
肝炎、酒精性肝炎、膽道疾病、心血管疾病(如鬱血性心衰竭、休克
等)","血清學標記(IgM anti -HAV、IgM anti -HBc、HBsAg、anti-HCV、IgM anti-
HEV)檢驗項目均為陰性。",NA,"符合臨床條件及檢驗條件。
(急性 E 型肝炎檢驗,送疾病管制署確認)","(一) 可能病例:
NA
(二) 極可能病例:
NA
(三) 確定病例:
符合臨床條件及檢驗條件。","傳染病 應保存種類
採檢項目 採檢目的 採檢時間 採檢規定 送驗方式 注意事項
名稱 應保存時間
1. 檢體勿加
入任何添
加物。
2. 血清檢體
見2.8.3 及
急性病 2.8.4備註
毒性肝 2–8 °C 說明,血
以無菌試管
炎 B 類感染性 陽性血清 清採檢步
血清 抗體檢測 立即採檢 收集3 mL
(除 物質 P650 (30 日)
血清 驟請參考
A 型 包裝
第 3.3
外)
節。
3. D 肝送驗
需HBsAg
檢測為陽
性。"
恙蟲病,https://www.cdc.gov.tw/File/Get/HokZ-GoxP8OiWXEM8pi8tg,第四類,pdfs/恙蟲病.pdf,"猝發且持續性高燒、頭痛、背痛、惡寒、盜汗、淋巴結腫大、恙蟎
叮咬處出現無痛性的焦痂、1 週後皮膚出現紅色斑狀丘疹,有時會
併發肺炎或肝功能異常。","符合下列檢驗結果之任一項者,定義為檢驗結果陽性:
(一) 臨床檢體(血液或皮膚傷口(焦痂))分離並鑑定出恙蟲病立
克次體(Orientia tsutsugamushi)。
(二) 臨床檢體分子生物學核酸檢測陽性。
(三) 以間接免疫螢光抗體法(Indirect Immunofluorescene Assay,
IFA)檢測急性期(或初次採檢)血清,IgM 抗體力價達1:80
以上 且 IgG 抗體力價達1:320以上。
(四) 以間接免疫螢光染色法,檢測配對(急性期及恢復期)血清,
恙蟲病立克次體特異性IgG 抗體力價達4倍以上上升。","有恙蟲病相關流行地區旅遊史,並遭恙蟎叮咬或曾接觸嚙齒類等動
物。",符合臨床條件。,"(一) 可能病例:
NA
(二) 極可能病例:
NA
(三) 確定病例:
符合檢驗結果陽性定義之任一項。","傳染病 應保存種類
採檢項目 採檢目的 採檢時間 採檢量及規定 送驗方式 注意事項
名稱 (應保存時間)
1.抗凝固全血
採檢請參考
以含抗凝劑 閱傳染病檢
(heparin 或 體採檢手冊
抗凝固全 病原體檢 急性期,且 EDTA)採血管 菌株 第 3.2 節。
血 測 未投藥前 採 集5-10 mL (30日) 2.血清勿加入
靜脈血,並混 任何添加物。
合均勻。 3.血清檢體請
2-8°C 參閱傳染病檢
(B類感 體採檢手冊
恙蟲病 染性物質 2.8.3 及
包裝) 2.8.4備註說
明及採檢步驟
請參閱傳染病
檢體採檢手冊
立即採檢 以無菌試管收 陽性血清
抗體檢測 第 3.3 節。
血清
集3mL血清。 (30日)
4.以不做二採
為原則,如有
臨床上個別需
要,請連繫檢
體單一窗口。"
拉薩熱,https://www.cdc.gov.tw/File/Get/_JK-ICjzglm9OiyacrdhPQ,第五類,pdfs/拉薩熱.pdf,"同時具有下列二項條件:
(一)急性發燒(≧38°C)
(二)符合下列部分或全部臨床描述:倦怠、頭痛、喉嚨痛、
咳嗽、噁心、嘔吐、腹瀉、肌肉酸痛、胸痛、腹痛、斑
丘疹、出血等症狀。","具有下列任一個條件:
(一)臨床檢體(血液、尿液或咽喉擦拭液)分離並鑑定出拉
薩病毒(Lassa virus)。
(二)臨床檢體分子生物學核酸檢測陽性或檢測出拉薩病毒抗
原。
(三)血清學抗體檢測陽性: IgM 抗體陽性或成對血清檢體
之 IgG 抗體陽轉。
(四)組織切片的免疫化學染色(IHC)陽性。","發病前 3 周內,具有下列任一個條件:
(一)具有拉薩熱流行地區之旅遊史或居住史。
(二)接觸極可能病例或確定病例之血液或體液或其污染物。
(三)進行拉薩熱病毒或檢體之實驗室操作。","具有下列任一個條件:
(一)符合臨床條件及流行病學條件。
(二)符合檢驗條件。","(一)極可能病例:
雖未經實驗室證實,但符合臨床條件及流行病學條件。
(二)確定病例:
符合檢驗條件。",請參閱「傳染病檢體採檢手冊」(https://gov.tw/pK8)
新冠併發重症,https://www.cdc.gov.tw/File/Get/2USmDt2EJKaXeRs1L9Uz7Q,第四類,pdfs/新冠併發重症.pdf,"發燒(≧ 38°C)或有呼吸道症狀後14 日(含)內出現肺炎或其他併
發症,因而需加護病房治療或死亡者。","具有下列任一個條件:
(一) 臨床檢體(如鼻咽或咽喉擦拭液、痰液或下呼吸道抽取液等)分離並鑑定
出新型冠狀病毒。
(二) 臨床檢體新型冠狀病毒分子生物學核酸檢測陽性。
(三) 臨床檢體新型冠狀病毒抗原檢測陽性(醫事人員執行抗原快篩)。",,符合臨床條件及檢驗條件。,確定病例:符合臨床條件及檢驗條件。,"送驗方 保存種類應 注意事項
傳染病名稱 採檢項目 採檢目的 採檢時間
式 保存時間
病毒株(30 1.醫師可視病情
日) ;咽喉 變化再度送檢。
擦拭液(30 2.見 2.8.5 備註說
日) 明及咽喉採檢 步
驟請參考第 3.7
鼻咽或咽喉 節 。
擦拭液 3.建議使用有 o-
ring 或其他防滲
漏設計之檢體 容
器送驗,若檢 驗單
病原體檢測 發病3 日內 2-8°C
位發現檢 體滲漏,
(B 類感 則不予 檢驗。
新冠併發重症
染性物 病毒株(30 1.適用於輕症咳
質P650 日) ;痰液 嗽有痰、肺炎或 重
包裝) (30 日 症者。
痰液或下呼 2.醫師可視病情
吸道抽取物 變化再度送檢。
3.勿採患者口水。
4.痰液採檢步驟
請參考第 3.9節。
急性期(發病 血清(30 日) 血清檢體見 2.8.3
抗體檢測 1-5日); 及 2.8.4 備註說明
血清
(檢體保留) 恢復期(發病 及血清採檢步驟
14-40 日) 請參考第3.3節。"
新型A型流感,https://www.cdc.gov.tw/File/Get/YLZbi_tOu5vjCEfnhVsZUw,第五類,pdfs/新型A型流感.pdf,"同時具有以下二項條件:
(一) 急性呼吸道感染[臨床症狀可能包括發燒(≧38°C)、咳嗽等]或
急性結膜炎;
(二) 臨床、放射線診斷或病理學上顯示肺部實質疾病。","具有下列任一個條件:
(一) 臨床檢體培養分離及鑑定出新型 A 型流感病毒(非現行於人類
流行傳播之 A(H1N1)、A(H3N2)季節性流感病毒);
(二) 臨床檢體新型 A 型流感病毒核酸檢測陽性;
(三) 血清學抗體檢測呈現為最近感染新型 A 型流感。","發病前 10 日內,具有下列任一個條件:
(一) 曾與出現症狀的極可能或確定病例有密切接觸,包括在無適當
防護下提供照護、相處、或有呼吸道分泌物、體液之直接接觸;
(二) 曾至有出現新型 A 型流感流行疫情地區之旅遊史或居住史;
(三) 曾有禽鳥、豬暴露史或至禽鳥、豬相關場所;
(四) 禽流感 A(H5N1)動物疫情接觸史;
(五) 在實驗室或其他環境,無適當防護下處理動物或人類之檢體,
而該檢體可能含有新型 A 型流感病毒。","具有下列任一個條件:
(一) 符合臨床條件及流行病學條件;
(二) 僅符合臨床條件第(一)項及流行病學條件第(一)項或第(四)項;
(三) 符合檢驗條件。
1","(一) 極可能病例:
雖未經實驗室檢驗證實,但符合臨床條件,且於發病前 10 日
內,曾經與出現症狀的確定病例有密切接觸者。
(二) 確定病例:
符合檢驗條件。","應保存
傳染病 採檢 採檢 採檢 採檢量 送驗 種類
注意事項
名稱 項目 目的 時間 及規定 方式 (應保存
時間)
以無菌
病毒拭
病毒株
子之棉
(30日) 1. 醫師可視病情變
咽喉 棒擦拭
;咽喉
化再度送檢。
擦拭液 咽喉,插
2. 結膜擦拭液採檢
擦拭液
入病毒
項目,適用於有急
(30日)
保存輸
性結膜炎症狀者。
送管
3. 咽喉擦拭液採檢
步驟請參考衛生
2-8°C 福利部疾病管制
(B類感 署傳染病檢體採
新型A 病原體 發病3
以無菌 染性物 檢手冊第 3.7 節、
型流感 檢測 日內
病毒拭 質P650 結膜擦拭液採檢
子之棉 包裝) 步驟請參考第3.17
棒在結 病毒株 節。
膜慢慢 (30日) 4. 建議使用有 oring
結膜
旋轉,採 ;結膜 或其他防滲漏設
擦拭液
集化膿 擦拭液 計之檢體容器送
的檢體 (30日) 驗,若檢驗單位發
插入病 現檢體滲漏,則不
毒保存 予檢驗。
輸送管。
2
應保存
傳染病 採檢 採檢 採檢 採檢量 送驗 種類
注意事項
名稱 項目 目的 時間 及規定 方式 (應保存
時間)
1. 適用於輕症咳嗽有
痰、肺炎或重症
者。
以無菌 2. 醫師可視病情變化
痰液或 病毒株
容器收 再度送檢。
下呼吸 (30日)
集排出 3. 勿採患者口水。
道抽取 ;痰液
之痰液 4. 痰液檢體採檢步驟
物 (30日)
請參考衛生福利
部疾病管制署傳
染病檢體採檢手
冊第3.9節。
以無菌 血清檢體採檢步驟
抗體 急性期
試管收 請參考衛生福利部
檢測 (發病 血清
血清 集至少 疾病管制署傳染病
(檢體 1-5日) (30日)
3mL 血 檢體採檢手冊第 3.3
保留)
清 節。
3"
新生兒破傷風,https://www.cdc.gov.tw/File/Get/SSMiO4sDy_y3znynl7c0ow,第三類,pdfs/新生兒破傷風.pdf,"具有下列任一個條件:
(一) 新生兒於出生兩天內具正常之哭泣及吸奶動作,出生三到二十
八天間出現哭聲微弱及吸奶困難現象,伴隨出現牙關緊閉,肌
肉僵直,全身痙攣症狀。
(二) 任何新生兒於出生三到二十八天間發生不明原因死亡,且不當
斷臍者。",NA,NA,符合臨床條件。,"(一) 可能病例:
符合臨床條件。
(二) 極可能病例:
NA
(三) 確定病例:
符合臨床條件,且相關就醫病歷資料經專家審查判定。","採檢項目 檢體種類 採檢目的 採檢時機 採檢規定 運送條件 注意事項
破傷風桿菌自感染部
位檢出機率極低,通
破傷風、 常無法從患者血液中
無(見注
新生兒破 無 無 無 無 檢出抗體反應。故不
意事項)
傷風 採集疑似患者檢體檢
驗,以臨床症狀作為
病例確認判定依據。"
日本腦炎,https://www.cdc.gov.tw/File/Get/eLHlAUeum24JmOuelMou9w,第三類,pdfs/日本腦炎.pdf,"出現下列急性神經症狀:發燒、意識障礙、嘔吐、頸部僵硬、抽筋、
肌張力異常、頭痛、腦膜刺激症狀及精神症狀(譫妄、意識不清等)。","符合下列檢驗結果之任一項者,定義為檢驗結果陽性:
(一) 臨床檢體(血液、腦脊髓液或組織)分離並鑑定出日本腦炎病
毒。
(二) 臨床檢體分子生物學核酸檢測陽性,或腦脊髓液中日本腦炎病
毒特異性 IgM 抗體陽性。
(三) 急性期(或初次採檢)血清中,日本腦炎病毒特異性 IgM 抗體
或 IgG 抗體陽性。
(四) 在最近未接受預防注射及排除其他黃病毒交叉反應的情形下,
成對血清(急性期及恢復期)中,日本腦炎病毒特異性 IgM 抗
體或 IgG 抗體(二者任一)有陽轉或達 4 倍以上上升。","具有下列任一個條件:
(一) 住家或活動範圍附近有日本腦炎確定病例。
(二) 有日本腦炎相關流行地區旅遊史。","具有下列任一個條件:
(一) 符合臨床條件。
(二) 醫師高度懷疑與確定病例具有流行病學上相關。","(一) 可能病例:NA
(二) 極可能病例:符合臨床條件及檢驗結果陽性定義之第三項。
(三) 確定病例:符合檢驗結果陽性定義之第一、二、四項之任一項。
2017年05月","傳染病 採檢量及 應保存種類
採檢項目 採檢目的 採檢時間 送驗方式 注意事項
名稱 規定 應保存時間
1. 若無法取得
急性期之血
病毒株
清檢體,請
急性期 (30日)
採集間隔 7
立即採檢 陽性血清
日之恢復期
(30日)
血清檢體,
以無菌試管
並分 2 次送
血清 收集3 mL 驗。
血清
2. 檢體請勿加
入任何添加
恢復期 陽性血清 物。
發病14–40日 (30日) 3. 血清檢體採
檢注意事項
病原體
請參閱傳染
檢測 2–8 °C
日本 病檢體採檢
B類感染性
腦炎 手冊 2.8.3
抗體檢測 物質包裝
及 2.8.4 備
註說明,血
清檢體採檢
步驟請參閱
傳染病檢體
以無菌容器 採檢手冊第
病毒株
腦脊髓液 住院期間 收集2–3 mL 3.3節。
(30日)
4. 腦脊髓液檢
腦脊髓液
體採檢步驟
請參閱傳染
病檢體採檢
手冊第 3.6
節,由醫師
採檢。
檢體採檢送驗事項相關資訊請參閱衛生福利部疾病管制署「傳染病檢體採檢手冊」,與「衛福部疾管署全
球資訊網首頁之檢驗(傳染病檢驗資訊與規定)」項下資料。
2017年05月"
李斯特菌症,https://www.cdc.gov.tw/File/Get/kN4-xYBaE3SAV63odpXkvg,第四類,pdfs/李斯特菌症.pdf,"具有下列任一個條件:
(一)由李斯特菌(Listeria monocytogenes)引起之侵襲性疾病,
如:敗血症、腦膜炎、骨髓炎、心包膜炎、腹膜炎...等。
(二)孕婦流產、死胎或胎兒早產。","具有下列任一個條件:
(一)自正常無菌部位臨床檢體(如血液、腦脊髓液等體液)
分離並鑑定出李斯特菌(Listeria monocytogenes)。
(二)自流產或死胎之胎盤或胎兒組織(含羊水、胎便、腸胃
道 內 容 物 等 ) 分 離 並 鑑 定 出 李 斯 特 菌 ( Listeria
monocytogenes)。",NA,"符合臨床條件,且經醫院自行檢驗,符合檢驗條件。","(一)可能病例:
NA
(二)極可能病例:
NA
(三)確定病例:
符合臨床條件及檢驗條件。
李斯特菌症(Listeriosis)病例定義-1","請參閱「傳染病檢體採檢手冊」(https://gov.tw/HBK)
李斯特菌症(Listeriosis)病例定義-2"
桿菌性痢疾,https://www.cdc.gov.tw/File/Get/2qZGgnxjOjPst8tj7w-TuA,第二類,pdfs/桿菌性痢疾.pdf,"出現嚴重程度不等的腹瀉、發燒、噁心、嘔吐、腹部絞痛、裏急後重
(tenesmus)、血便或黏液便等症狀。","臨床檢體(如糞便、肛門拭子或血液等)分離與鑑定出志賀氏桿菌
(Shigella dysenteriae、S. flexneri、S. boydii 或 S. sonnei)。","具有下列任一個條件:
(一)曾經與確定病例具有密切接觸。
(二)攝食曾被病人或帶菌者糞便直接或間接汙染之食物、飲用水。
(三)與確定病例暴露於共同感染源。","具有下列任一個條件:
(一) 符合檢驗條件。
(二) 符合臨床條件及流行病學條件。","(一) 可能病例:
NA
(二) 極可能病例:
NA
(三) 確定病例:
符合檢驗條件。","傳染病 採檢
採檢目的 採檢時間 採檢量及規定 送驗方式 注意事項
名稱 項目
以無菌之細菌
拭子棉棒,採
直腸或混合均 請參閱傳染病檢體採
肛門拭子 勻之糞便檢體 檢手冊 2.8.6.備註說
或糞便 檢體,置入 明及圖 2.5,糞便採檢
Cary-Blair 保 步驟請參閱第3.5節。
存輸送培養
基。
以含抗凝劑 1. 桿菌性痢疾採檢項
2-8oC
(heparin 或 目以肛門拭子或糞
病 原 體 檢未 投 藥 前 (B類感染性
抗凝固全 EDTA)採血管 便為原則。
測 立即採檢 物 質 P650
血 採集 5mL 血 2. 全血及尿液的採檢
包裝)
液,並混合均 時機為醫師認為臨
勻。 床上有需要時方採
桿菌性 檢送驗。
痢疾 3. 抗凝固全血採檢步
驟請參閱傳染病檢
以無菌尿管
體採檢手冊第 3.2
收集約10 mL
尿液 節。
尿液,緊密封
4. 尿液採檢請參閱傳
口。
染病檢體採檢手冊
第3.4節。
2-8oC
純化之菌株以 (志賀氏痢疾
拭子沾滿一圈 桿菌第一型A
菌株鑑
已 分 離 菌 後,置入 類感染性物
菌株 定;血清 立即送驗
株時 Cary-Blair 質包裝;其他
型別鑑定
保存輸送培養 型別 B 類感
基。 染 性 物 質
P650包裝)"
梅毒,https://www.cdc.gov.tw/File/Get/jJKbN19nKtW2AYEGKaiaSQ,第三類,pdfs/梅毒.pdf,"(一) 出現一期梅毒臨床症狀,如無痛性潰瘍、硬性下疳等。
(二) 出現二期梅毒臨床症狀,如全身性梅毒紅疹、全身性淋巴腺
腫、發燒、頭痛、倦怠、咽喉炎、肌肉關節疼痛、禿髮、扁
平濕疣等。
(三) 出現三期梅毒臨床症狀,如皮膚梅毒腫、心臟血管性梅毒或
神經性梅毒等。","具下列任一條件:
(一) 未曾接受梅毒治療或病史不清楚者,其血清學非特異性梅毒
螺旋體試驗(non-treponemal test)1及特異性梅毒螺旋體試驗
(treponemal test)2陽性。
(二) 臨床檢體(病灶滲出液、組織等)以暗視野顯微鏡、螢光抗
體檢驗或核酸檢驗檢測出梅毒螺旋體。
(三) 腦脊髓液性病研究實驗室試驗(CSF-VDRL)陽性。
(四) 曾經接受梅毒治療者,其血清學非特異性梅毒螺旋體試驗
(non-treponemal test)1效價≧4倍上升。
註1:非特異性梅毒螺旋體試驗(non-treponemal test):快速血漿反應素試驗(RPR)
或性病研究實驗室試驗(VDRL)。
註2:特異性梅毒螺旋體試驗(treponemal test):梅毒螺旋體血液凝集試驗(TPHA)、
梅毒螺旋體粒子凝集試驗(TPPA)、、梅毒抗體間接螢光染色法(FTA-abs)、
梅毒螺旋體乳膠凝集試驗(TPLA)、梅毒螺旋體酵素免疫分析法(EIA)或梅
毒螺旋體化學冷光免疫分析法(CIA/CLIA/CMIA)、梅毒螺旋體電化學發光免
疫分析法(ECLIA)。",NA,符合檢驗條件,"(一) 可能病例:
NA
(二) 極可能病例:
NA
(三) 確定病例:
1. 一期梅毒:符合臨床條件第(一)項及檢驗條件
2. 二期梅毒:符合臨床條件第(二)項及檢驗條件
3. 三期梅毒:符合臨床條件第(三)項及檢驗條件
4. 潛伏性梅毒:無臨床症狀,但符合檢驗條件",
水痘併發症,https://www.cdc.gov.tw/File/Get/M05PJDEyFnyx78TwarighA,第四類,pdfs/水痘併發症.pdf,"具有下列任一條件:
(一) 水痘併發症住院或死亡..急性發作,出現符合水痘表現之
皮疹,且於發疹後因繼發性細菌感染、或肺部、神經等其
它器官系統併發症而住院或死亡者。
(二) 先天性水痘症候群..胎兒異常,或新生兒出生出現低體重
(small for gestational age)、依皮節分布瘢痕性的皮膚
病變及色素沉澱、先天性眼睛、腦部、骨骼及肌肉異常或
缺陷等症狀。","(一) 臨床檢體(水疱液、痂皮、腦脊髓液、胎兒異常之孕婦羊
水)分子生物學核酸檢測(PCR)陽性。
(二) 血清學抗體檢測陽性:單一血清檢體 IgM 抗體陽性或急性
期與恢復期之成對血清中 IgG 抗體顯著上升。",母親於孕期曾感染水痘或接觸水痘患者。,"(一) 符合臨床條件(一)。
(二) 同時符合臨床條件(二)及流行病學條件。","(一) 可能病例:
NA
(二) 極可能病例:
NA
(三) 確定病例:
1. 符合臨床條件(一)。
2. 同時符合臨床條件(二)、流病條件及任一檢驗條件。
水痘併發症檢體採檢與檢驗方法
採檢項目 採檢單位 檢體種類 採檢規定 運送條件 檢驗方法 檢驗期間 收件單位 備註
將乾燥痂皮由皮膚
痂皮 取下置於無菌試管 常溫
輸送
以無菌針頭掀開水
泡表層, 以病毒拭
水泡病灶拭子 子之採檢棒擦拭水
3-5工作日
泡基底皮膚後插入 聚合脢連鎖反應(PCR)
病毒保存輸送管
疾病管制署
全國各醫療院 以無菌檢體小管收
水痘併發症 腦脊髓液 昆陽辦公室
所 集1 ml腦脊髓液
低溫
以無菌試管收集20
羊水
mL羊水
疑似個案必要
時得於距第一
以無菌試管收2 mL 抗體檢測
血清 7-10工作日 次採檢後6個
血清 (ELISA-IgM,ELISA-IgG)
月再採第二次
血清送驗。",
流感併發重症,https://www.cdc.gov.tw/File/Get/OX_YLUZbUHKMkZCidu32jA,第四類,pdfs/流感併發重症.pdf,"出現類流感症狀後兩週內因併發症(如肺部併發症、神經系統併
發症、侵襲性細菌感染、心肌炎或心包膜炎等)而需加護病房治
療或死亡者。","具有下列任一個條件:
(一) 呼吸道臨床檢體(咽喉擦拭液等)分離並鑑定出流感病
毒(Influenza virus)。
(二) 臨床檢體分子生物學核酸檢測陽性。
(三) 臨床檢體抗原檢測陽性。
(四) 臨床檢體血清學抗體檢測陽性:急性期與恢復期流感病
毒血清抗體效價≧4 倍上升。","曾經與經實驗室證實之確定病例具有密切接觸(close
contact),即照護、同住、或與其呼吸道分泌物、體液之直接
接觸。",符合臨床條件。,"(一) 可能病例:
符合臨床條件。
(二) 極可能病例:
符合臨床條件及流行病學條件。
(三) 確定病例:
符合臨床條件及檢驗條件。
1","傳染病 採檢 採檢 採檢 應保存種類
採檢量及規定 送驗方式 注意事項
名稱 項目 目的 時間 (應保存時間)
見本署傳染病檢
以病毒拭子之棉 2-8oC
體採檢手冊 2.8.5
咽喉 病原
流感併 發病3棒擦拭咽喉,插 (B類感染
備註說明;咽喉採
擦拭 體檢 病毒株(30日)
發重症 天內 入病毒保存輸送 性物質包
檢步驟請參考第
液 測
管。 裝)
3.7節及圖3.7。
2"
流行性腦脊髓膜炎,https://www.cdc.gov.tw/File/Get/GvFfZ5AW1mHqMj9JpE50rQ,第二類,pdfs/流行性腦脊髓膜炎.pdf,"發燒、劇烈頭痛、噁心、嘔吐、意識模糊、頸部僵直、出血性皮疹、
瘀斑(purpura)、譫妄、抽搐、昏迷及休克。","具有下列任一個條件:
(一) 正常無菌檢體(血液、腦脊髓液或其他體液)或皮膚病灶
(purpuric skin lesion)分離並鑑定出腦膜炎雙球菌。
(二) 正常無菌檢體(血液、腦脊髓液或其他體液)或皮膚病灶
(purpuric skin lesion)分子生物學核酸檢測陽性。","與確定病例具有密切接觸,即照護、同住,或與確定病例有呼吸道
分泌物等接觸。","具有下列任一個條件:
(一) 符合臨床條件。
(二) 經醫院自行檢驗,符合檢驗條件。","(一) 可能病例:
符合臨床條件。
(二) 極可能病例:
符合臨床條件(噁心、嘔吐除外)及流行病學條件。
(三) 確定病例:
符合檢驗條件。","採檢
檢體種類 採檢目的 採檢時機 採檢規定 運送條件 注意事項
項目
以採血管採全血, 1. 採檢種類由臨床
立即注入嗜氧性血 醫 師 依 症 狀 採
全血 液培養瓶(血液與 檢,檢體採檢應
培養液比例為 1:5 由醫師執行為原
至 1:10)。 則。
2. 全血採檢步驟請
未投藥前立 以無菌容器收集至
腦脊髓液
參考第3.1節。
病原體檢測 即採檢 1 mL 腦脊髓液。
3. 腦脊髓液採檢步
以無菌容器收集至
無菌部位體 驟請參考第 3.6
少1 mL 無菌部位
液 節,由醫師採檢。
體液。
4. 無菌部位體液採
皮 膚 病 灶 無菌採集,以空針
檢步驟請參考第
( purpuric 吸取出血滲出液至
22-35 oC 3.10節。
skin lesion) 無菌檢體小瓶。
流行 5. 腦膜炎雙球菌容
(B 類感
已自全血、 接種於巧克力培養
性腦 易死亡,採檢單
染性物質
腦脊髓液、 基,以封口膜
脊髓 位請先分離菌株
P650 包
膜炎 無菌部位體 (paraffin)密封, 後再送驗。
裝)
液或皮膚病 並加夾鏈袋運送。 6. 無菌部位體液請
灶分離菌株
註明來源(如關
時 節 液 、 肋 膜 液
等)。
菌株鑑定;
7. 所送菌株為分自
菌株 血清型別鑑
全血、腦脊髓液、
定
無菌部位體液或
皮 膚 病 灶
( purpuric skin
lesion),並註明來
源,如全血、腦脊
髓液或皮膚病灶
( purpuric skin
lesion),請採檢單
位自備巧克力培
養基。
8. 檢體送驗地點請
參考第7.2節。"
流行性腮腺炎,https://www.cdc.gov.tw/File/Get/QjOCRzlaEWaPI76Ta97Uyw,第三類,pdfs/流行性腮腺炎.pdf,"急性發作,單或雙側腮腺(或其他唾液腺)疼痛,自限性腫脹持續達
2 天以上,且無其他明顯原因者。","具有下列任一個條件:
(一) 臨床檢體(咽喉擦拭液、血液或尿液)分離並鑑定出腮腺炎病
毒(Mumps virus)。
(二) 臨床檢體分子生物學核酸檢測陽性。
(三) 血清學抗體檢測陽性:排除接種疫苗之影響下,IgM 抗體陽性
或急性期與恢復期血清 IgG 抗體顯著上升。","與確定病例有飛沫接觸,或直接接觸感染病人之唾液、呼吸道分泌物。","具有下列任一個條件:
(一) 符合臨床條件。
(二) 經醫院自行檢驗,符合檢驗條件。","(一) 可能病例:
符合臨床或檢驗條件。
(二) 極可能病例:
NA
(三) 確定病例:
具有下列任一個條件:
1. 符合臨床及檢驗條件。
2. 符合臨床條件,且與經實驗室證實之確定病例具有流行病
學之關聯。","採檢項目 檢體種類 採檢目的 採檢時機 採檢規定 運送條件 注意事項
採樣前請先按摩 1.疑似個案僅通
腮腺部位 30 秒, 報,無需採檢。
再以無菌病毒拭 若經疫調認為有
頰腔擦拭 發病
病原體檢測 子之棉棒擦拭咽 群聚感染疑慮,
液 7 天內
喉兩頰內側腮腺 則進行採檢。
流行性腮
部位,插入病毒保 低溫 2.見 2.8.5 備註說
腺炎(群
存輸送管。 明及咽喉拭子採
聚感染)
急性期(發 檢步驟請參考第
病 7 天內) 3.7 節及圖3.7。
以無菌試管收集
血清 抗體檢測 ;恢復期(發 3.血清檢體必要時
至少2 mL 血清。
病15-30天 需採檢2 次。
之內)"
淋病,https://www.cdc.gov.tw/File/Get/-uWkyQHOn_JTc-aeDKHTkw,第三類,pdfs/淋病.pdf,"具有下列任一個條件:
(一) 泌尿生殖道感染:
1. 臨床表現包括:尿道炎、睪丸炎、子宮頸炎、子宮內膜炎、輸
卵管炎、骨盤腔腹膜炎、外陰陰道炎等。
2. 感染後有些病患會自行痊癒,偶爾有少數成為無明顯症狀之帶
菌狀態,尤其是女性感染症狀常不明顯。
(二) 泌尿生殖系統外感染:
1. 臨床表現包括:直腸感染、喉嚨疼痛、結膜炎、新生兒淋菌性
結膜炎、菌血症導致瀰漫性感染(disseminated gonococcal
infection, DGI),如:淋病性關節炎、皮疹、心內膜炎、腦膜炎。
2. 直腸及咽喉部位的感染通常無明顯症狀。","具有下列任一個條件:
(一) 臨床檢體染色鏡檢淋病雙球菌陽性。
(二) 臨 床 檢 體 分 離 並 鑑 定 出 淋 病 雙 球 菌 ( Neisseria gonorrhoeae)。
(三) 臨床檢體分子生物學檢測陽性。",NA,"具有下列任一個條件
(一) 符合臨床條件及檢驗條件。
(二) 僅符合檢驗條件。","1
(一) 可能病例:NA
(二) 極可能病例:NA
(三) 確定病例: 符合檢驗條件。","請參閱衛生福利部疾病管制署「傳染病檢體採檢手冊」(可至疾管
署全球資訊網(cdc.gov.tw)首頁/檢驗項下查閱)。
2
應保存種
傳染病
採檢項目 採檢目的 採檢時間 採檢量及規定 送驗方式 類(應保存 注意事項
名稱
時間)
以無菌細菌拭子 1. 見 2.8.6 備註說
明,淋病尿道/
之 棉 棒 採 集 尿
尿道分泌 子宮頸分泌物
道、子宮頸、陰
物、子宮 檢體採檢請參
頸 分 泌 道 、 咽 喉 、 直 考第 3.12節。
物、陰道 腸 、 結 膜 分 泌22-35oC 2. 見 2.8.2 備註說
分泌物、 (B類感染性
物,插入含Cary- 明,尿液檢體
咽喉分泌 物質P650包
請參考第 3.4
物、結膜 Blair或Amies保存 裝)
節。
分泌物、 輸送培養基,或
3. 咽喉分泌物檢
直腸分泌
接 種 於 Thayer
物 體採檢請參考
Martine或巧克力 第3.7節
培養基。 4. 直腸分泌物檢
體採檢請參考
以PCR專用拭子
尿道分泌
第3.5節
物、子宮 採集尿道、子宮
2-8 oC 5. 關節液採檢請
頸 分 泌 病原體 頸 、 陰 道 、 咽
物、陰道 檢測 立即採檢 (B類感染性 參 考 第 3.10
喉 、 直 腸 分 泌 節。
分泌物、 物質P650包
咽喉分泌 物,插入樣品緩 裝) 菌株(30日) 6. 結膜分泌物採
淋病 物、直腸 衝管或保存輸送 檢 請 參 考 第
分泌物 3.17 節。
培養基。
7. 淋病雙球菌於
2-8 oC,若 低溫時容易死
執行淋病雙 亡,故採檢後
以無菌容器收集 球菌培養則 請立即送檢,
尿液 無法立即送檢
10 mL尿液。
為22-35oC
須將檢體放於
(B類感染性
室溫並於 24 小
物質P650包
時內送檢。
裝)
以無菌容器收集 22-35oC
(B類感染性
關節液 至少 1 mL
物質P650包
體液。
裝)
接種於巧克力培
22-35oC
養基,以封口膜
已分離菌 (B類感染性
菌株 菌株鑑定 ( paraffin ) 密
株時 物質P650包
封,並加夾鏈袋
裝)
運送。
3"
漢他病毒症候群,https://www.cdc.gov.tw/File/Get/jLwFi1aHtDoh5G5TUJaEkg,第二類,pdfs/漢他病毒症候群.pdf,"具有下列任一個條件:
(一) 最初以急性發燒、畏寒、肌肉酸痛、頭痛、視力模糊、結膜充血或
腸胃道症狀等表現,後期可能出現不同程度的出血症狀或腎臟功能
異常(含蛋白尿、血尿等)。
(二) 症狀最初以急性發燒、畏寒、肌肉酸痛、頭痛或腸胃道症狀等出
現,並合併急性呼吸窘迫症候群或雙側肺部瀰漫性間質性水腫或非
心因性肺水腫;或因不明原因呼吸性疾病致死且經屍體解剖發現非
心因性肺水腫。","具有下列任一個條件:
(一) 漢他病毒特異性 IgM抗體檢測陽性。
(二) 成對血清(恢復期及急性期)中,漢他病毒特異性 IgM或IgG
抗體(二者任一)有陽轉或≧4 倍上升。
(三) 臨床檢體分子生物學核酸檢測陽性。
(四) 組織切片免疫化學染色陽性。","發病前兩個月內,具有下列任一個條件:
(一) 有相關流行地區旅遊史,或曾接觸齧齒類動物或其排泄物、分泌
物。
(二) 進行漢他病毒或檢體之實驗室操作。
(三) 為極可能病例或確定病例之密切接觸者,如:同住家人或醫療照顧
者等。","具有下列任一個條件:
(一) 符合臨床條件及流行病學條件。
(二) 符合檢驗條件。
(三) 醫師或法醫師高度懷疑。
109年11月11日修訂","(一) 漢他病毒出血熱併腎症候群
1. 可能病例:NA
2. 極可能病例:
符合臨床條件(一)及檢驗條件(一)。
3. 確定病例:
符合臨床條件(一)及檢驗條件(二)或(三)或(四)之任一項。
(二) 漢他病毒肺症候群
1. 可能病例:NA
2. 極可能病例:NA
3. 確定病例:
符合臨床條件(二)及檢驗條件(二)或(三)或(四)之任一項。","採檢項目 檢體種類 採檢目的 採檢時機 採檢規定 運送 注意事項
條件
漢他病毒 血清 病原體檢 急性期 以無菌試管 低溫 1.檢體勿加入任何添
症候群 測;抗體 (立即採 收集3mL 加物。
檢測 檢):恢 血清 2.若無法取得急性期
復期(發 之血液,請採間隔 7
病14-40 天之恢復期血清,分
天之間) 2次送驗。
3.血清檢體請參閱傳
染病檢體採檢手冊
2.8.3 及2.8.4 備註
說明,血清採檢步驟
請參閱該手冊第 3.3
節。
109年11月11日修訂"
漢生病,https://www.cdc.gov.tw/File/Get/rjQxcxpiRmPzzxKcFq6pUQ,第三類,pdfs/漢生病.pdf,"具有下列任一個條件:
(一) 皮膚斑疹、結節等持續的皮膚病灶上併感覺喪失或改變。
(二) 神經腫大併感覺喪失或改變。","具有下列任一個條件:
(一) 皮 膚 抹 片 或 病 理 切 片 發 現 麻 風 桿 菌 ( Mycobacterium
leprae)。
(二) 組織病理有符合漢生病的肉芽腫反應。",NA,符合臨床條件或檢驗條件。,"(一) 可能病例:
符合臨床條件或檢驗條件。
(二) 極可能病例:
NA
(三) 確定病例:
同時符合臨床條件及檢驗條件。","採檢項目 檢體種類 採檢目的 採檢時間 採檢量及規定 送驗方式 注意事項
石蠟包埋 將5-6片石蠟切片組
病原體檢
組織切片 配合案例 織檢體,置入1.5 mL 常溫
測
檢體 無菌離心管。
適用對象:
1. 漢生病完管個
1. 以 15 號無菌不銹
漢生病 鋼刀片,刮取皮膚 案。
二處不同部位最 2. 疑似漢生病或
(Hansen’s
明顯病灶處的組 接觸漢生病個
Disease)
病原體檢 織檢體,將含有刮 案。
皮膚檢體 配合案例 取組織的刀片,置 常溫
3. 漢生病個案照
測
入內含1 mL 70%
護醫護人員。
酒精的1.8 mL螺
旋離心管內。
2. 至少 2 件皮膚檢
體。"
炭疽病,https://www.cdc.gov.tw/File/Get/-KV36FvRMUavg8mXpOcduQ,第二類,pdfs/炭疽病.pdf,"一種急性發作的疾病,可分為四種臨床類型:
(一) 皮膚型(cutaneous anthrax):皮膚病灶可由無痛、會癢的
丘疹進展到水泡、伴隨水腫或紅腫的黑色焦痂,可能有
淋巴結腫大,亦常見發燒。
(二) 吸入型(inhalational anthrax):早期非特異性症狀包含發
燒、疲憊;呼吸道症狀包含咳嗽、胸痛、呼吸急促、聽
診呼吸音異常,影像學檢查常見肋膜積水與縱隔腔變寬;
伴隨噁心、嘔吐、腹痛、頭痛、發汗及精神狀態改變。
(三) 攝入型(ingestion anthrax):分為口咽型及腸胃型兩型,
非特異性症狀包含發燒、疲憊、頭痛、精神狀態改變。
口咽型症狀包括口腔粘膜病變、喉嚨痛、吞嚥困難和頸
部腫脹,可能有頸部淋巴結腫大;腸胃型症狀包括腹痛、
噁心、嘔吐或腹瀉(或血便)、腹脹或腹水。
(四) 注射型(injection anthrax):注射部位出現明顯水腫或瘀
血等軟組織感染症狀,通常不形成焦痂,無痛。非特異
性症狀包含發燒、呼吸急促、噁心,常見凝血功能異常。
上述四種臨床類型接可能進展成全身性炭疽(systemic anthrax),
造成敗血症或進展成炭疽性腦膜炎,症狀包含發燒、嚴重頭痛、
噁心、嘔吐、疲憊、腦膜徵象、抽搐、精神狀態改變。","具有下列任一個條件:
(一) 臨床檢體(血液、水疱液、腦脊髓液、鼻咽腔分泌物或
皮膚傷口(焦痂)分離並鑑定出炭疽桿菌(Bacillus
anthracis)。
(二) 臨床檢體分子生物學核酸檢測陽性。
(三) 血清學抗體檢測陽性。","具有下列任一個條件:
(一) 受汙染之環境、食物、動物、物品之接觸史。
(二) 與確定病例暴露共同感染源。
(三) 攝取與確定病例相同食品。","具有下列任一個條件:
(一) 符合臨床條件及流行病學條件。
(二) 經醫院自行檢驗,符合檢驗條件。
(三) 醫師或法醫師高度懷疑","(一) 可能病例:
NA
(二) 極可能病例:
符合臨床條件,且與確定病例具有流行病學之關聯。
(三) 確定病例:
符合臨床條件及檢驗條件。",請參閱「傳染病檢體採檢手冊」(https://gov.tw/pK8)
狂犬病,https://www.cdc.gov.tw/File/Get/AvHDvtS1Mgg7AyPCBrQNdA,第一類,pdfs/狂犬病.pdf,"符合下列部分或全部臨床描述:
一種急性病毒性腦脊髓炎,症狀包括焦慮、頭痛、發燒、被動物
咬傷部位之異樣感。焦燥和恐懼氣流是經常出現的症狀。疾病會
漸進性發展至麻痺、吞嚥困難,咽喉部肌肉痙攣,以致於引起恐
水現象,隨後併有精神錯亂及抽搐等現象。","具有下列任一個條件:
(一) 臨床檢體(唾液、腦脊髓液或中樞神經系統組織等)分
離並鑑定出狂犬病病毒(Rabies virus)。
(二) 臨床檢體分子生物學核酸檢測陽性。
(三) 臨床檢體(腦海馬角部份或頸背毛囊周圍的神經)以直
接螢光抗體染色法檢測抗原陽性。
(四) 血清學抗體檢測陽性(血液及腦脊髓液):需排除接種
過疫苗者。","疾病潛伏期內,具有下列任一個條件:
(一) 有狂犬病相關流行地區旅遊史,且曾遭犬、貓、蝙蝠、
浣熊等哺乳動物咬傷,或傷口、黏膜曾接觸帶有狂犬病
病毒之唾液。
(二) 曾接受器官移植者,而器官捐贈者疑似感染狂犬病。
(三) 進行狂犬病病毒或檢體實驗室操作。","具有下列任一個條件:
(一) 符合臨床條件及流行病學條件。
(二) 醫師或法醫師高度懷疑。","(一) 可能病例:
NA
(二) 極可能病例:
雖未經實驗室檢驗證實,但符合臨床條件及流行病學條
件。
(三) 確定病例:
符合檢驗條件。","請參閱「傳染病檢體採驗手冊」
網址:衛生福利部疾病管制署全球資訊網/檢驗/傳染病檢體採驗手冊"
球黴菌症,https://www.cdc.gov.tw/File/Get/PtoMagZXJEspZyyfmJ6WkQ,其他,pdfs/球黴菌症.pdf,"具有下列任一個條件:
(一) 胸部X光異常,包括實質化、空洞性病灶、肺部結節等。
(二) 肺外病灶(如皮膚潰瘍、骨關節炎、腦膜腦炎等)。
(三) 免疫低下者或孕婦有發燒、畏寒、咳嗽、呼吸喘、胸痛、
皮疹(結節性紅斑或多形性紅斑)等任一症狀。",,"具有下列任一個條件:
(一) 發病前1-4週內或發現無症狀之胸部X光異常前1年內,具
有球黴菌症流行地區之活動史。如美國西南部、墨西哥、
中南美洲等沙漠或類沙漠地區。
(二) 發病前1-4週內或發現無症狀之胸部X光異常前1年內,曾
於無適當防護情形下,操作球黴菌培養物或針對培養陽性
檢體執行會產生氣膠之程序,致有吸入孢子風險者。
1
「球黴菌症」檢體採檢及運送規定
傳染病名
採檢項目 採檢目的 採檢時間 採檢量及規定 送驗方式 注意事項
稱
支氣管肺病原體檢出現臨床 1. 以無菌容器收 1. 適用對象:同
泡灌洗液 測
症狀 集 5 mL支氣管 時符合臨床條
(BAL)
肺泡灌洗液 件(如胸部X光
或支氣管
(BAL) 或支氣 異常、皮膚潰
沖 洗 液
(BW) 或 管沖洗液。 瘍、結節性紅
病灶組織 2. 病灶組織檢體 斑)及流行病學
檢體 置入無菌檢體 條件(如發病前
小瓶。 1-4週內,具有
2-8oC
血清 抗體檢測 發病後10 以無菌試管收集 球黴菌症流行
(B 類感染
球黴菌症 天以上 2-3 mL 血清。 地 區 之 活 動
性物質
史)。
P650 包裝)
腦脊髓液 病原體檢 發病後10 以無菌試管收集
2. 經由本署「實
測、抗體 天以上 5 mL 腦脊髓液。
驗室資訊管理
檢測
系統」登錄送
驗。(送驗資料
管理→送驗單
新增→非法傳
送驗單→球黴
菌症)
「球黴菌症」送驗地點及檢驗期間
實驗室生物
傳染病名
採檢單位 採檢項目 檢驗方法 檢驗期限 收件單位 安全等級 備註
稱
(BSL)
支氣管肺泡 核酸檢測 3-10工作
灌洗液
日
(BAL)或支
氣管沖洗液 2(負壓)
疾病管制署
全國各醫 (BW)或病
球黴菌症 南港臨時辦公
療院所 灶組織檢體
室
或腦脊髓液
血清、腦脊 抗體檢測 1-3工作日
髓液
2
2",,,
疱疹B病毒感染症,https://www.cdc.gov.tw/File/Get/h_cnNJ5WhkxHlEODaMVL9Q,第四類,pdfs/疱疹B病毒感染症.pdf,"符合下列部分或全部臨床描述者:
早期症狀:
(一) 外傷部位周邊出現水泡或潰瘍。
(二) 接觸部位有刺激痛或搔癢感。
(三) 所屬淋巴結腫大。
中期症狀:
(四) 發燒。
(五) 接觸部位感覺異常。
(六) 接觸部位肌肉無力或麻痺。
(七) 結膜炎。
晚期症狀:
(八) 鼻竇炎。
(九) 頸部僵直、頭痛超過 24 小時。
(十) 噁心、嘔吐。
(十一) 腦幹症狀:複視、語言障礙、暈眩、交叉性麻痺、知覺異
常、腦神經麻痺。
(十二) 意識不清。
(十三) 有腦炎及中樞神經症狀。","具有下列任一個條件:
(一) 臨床檢體(傷口擦拭液、血液或脊髓液)分離並鑑定出疱疹 B
病毒(Herpesvirus B)。
(二) 臨床檢體分子生物學核酸檢測陽性。
(三) 血清學抗體檢測 IgM 或 IgG 陽性。","發病前 3 週內,具有下列任一個條件:
(一) 有相關流行地區旅遊史,且曾被猿猴類動物咬、抓傷之暴露
史。
(二) 與確定病例或其污染物接觸史(如針扎...)。
(三) 進行疱疹 B 病毒或檢體實驗室操作。","具有下列任一個條件:
(一) 符合臨床條件及流行病學條件。
(二) 經醫院自行檢驗,符合檢驗條件。
(三) 醫師或法醫師高度懷疑。","(一) 可能病例:
NA
(二) 極可能病例:
雖未經實驗室檢驗證實,但符合臨床條件及流行病學條件。
(三) 確定病例:
符合檢驗條件。","採檢項目 檢體種類 採檢目的 採檢時間 採檢量及規定 送驗方式 注意事項
以病毒拭子之棉 1. 切勿於受傷當日採集
傷口擦拭 病原體檢 傷口未清潔處棒擦拭傷口,插 脊髓液送驗。受傷當
液 測 理之當日 入病毒保存輸送 日採集之血清僅做為
管。 建立參照基準值用。
發病 3 天內第 2. 在發生創傷時,愈早
一次基準血清 採樣愈佳,傷口病毒
病原體檢
(愈接近受傷以無菌試管收集 拭子採檢後,須浸入
血清 測;抗體
時愈佳);恢復至少 3 mL血清。 保存液,保持潮濕。
疱疹B病 檢測
期(受傷後 3-6 低溫 3. 傷口擦拭液採檢步驟
毒感染症
週之間) 請參考第 3.11 節。
4. 血清檢體見 2.8.3 及
2.8.4 備註說明,採檢
以無菌容器收集 步驟見第 3.3 節。
病原體檢
腦脊髓液 發病 3 天內 至少1.5 mL脊髓 5. 脊髓液採檢步驟請參
測
液。 考第 3.6 節。"
瘧疾,https://www.cdc.gov.tw/File/Get/Hr3UYJK2ntgciop4pnqM6Q,第二類,pdfs/瘧疾.pdf,"發燒、寒顫、出汗、頭痛、背痛、肌肉痛、噁心、嘔吐、下痢、脾腫大、黃疸、
休克、肝腎衰竭、急性腦病變或昏迷等。","具有下列任一個條件:
(一)顯微鏡血液抹片檢查陽性。
(二)臨床檢體(血液)分子生物學核酸檢測陽性。","具有下列任一個條件:
(一)曾經到過瘧疾流行地區。
(二)有瘧蚊分布地區相關旅遊史。","具有下列任一個條件:
(一)符合臨床條件及流行病學條件。
(二)經醫院自行檢驗,符合檢驗條件。
(三)醫師高度懷疑。","(一)可能病例:
NA
(二)極可能病例:
NA
(三)確定病例:
符合檢驗條件。","採檢項目 檢體種類 採檢目的 採檢時機 採檢規定 運送條件 注意事項
厚層血片必須以新 1. 消毒患者皮膚
鮮血液滴於玻片中 後,俟酒精乾燥
央位置由內向外畫 才可採血。
(7~8圈)直徑1至1.5 2. 疑似病例應於投
cm同心圓,再由外 藥前採血,並儘
往內(7~8圈)後,移 快於1小時內製作
符合病例 至中央提起,自然 血片,延遲可能
血片 22-35 oC
定義或緊 風乾。薄層血片以 會導致瘧原蟲形
(厚層及薄 (三層包
急通報瘧 機器自動推片最 態和染色特徵的
層) 裝)
疾病例 佳,若無推片機需 變化,製作步驟
手工推片,則將血 請參考傳染病檢
液塗抹於玻片一端 體採檢手冊第3.14
以另一玻片30度角 節。血片檢體
斜推成單層血球之 不可加熱乾燥及
抹片,並自然風 不得以甲醇固
乾。 定。
3. 帶蟲數少或染色
法差異可能造成
瘧疾 病原體檢測 不易清楚鑑別,
病人投藥前得依
本署指示,以新
鮮血液製作至少
6-12片薄層血片
(同一barcode),染
以含抗凝劑
色2片,其他片不
(EDTA)採血管採集 2-8 oC
染色。
抗凝固全 符合病例 3 mL血液檢體,並 (B類感染
4. 血片不可噴到酒
血 定義 採檢後上下混合 性物質包
精,須以血片
5~10次,以確保混 裝)
盒、紙夾保護,
合均勻。
或2片血片背面相
對,放入50 ml離
心管,並常溫運
送避免溶血。
5. 抗凝固全血採檢
請參考傳染病檢
體採檢手冊第3.2
節。"
登革熱,https://www.cdc.gov.tw/File/Get/V2K1Jcudq7IWXrq_zUGYZQ,第二類,pdfs/登革熱.pdf,"突發發燒並伴隨下列任二(含)項以上症狀
(一) 頭痛/後眼窩痛/肌肉痛/關節痛/骨頭痛
(二) 出疹
(三) 白血球減少(leukopenia)
(四) 噁心/嘔吐
(五) 血壓帶試驗陽性
(六) 任一警示徵象
警示徵象:1.腹部疼痛及壓痛
2.持續性嘔吐
3.臨床上體液蓄積(腹水、胸水...)
4.黏膜出血
5.嗜睡/躁動不安
6.肝臟腫大超出肋骨下緣 2 公分
7.血比容增加伴隨血小板急速下降","符合下列檢驗結果之任一項者,定義為檢驗結果陽性:
(一) 臨床檢體分離並鑑定出登革病毒。
(二) 臨床檢體分子生物學核酸檢測陽性。
(三) 血清學抗原(指登革病毒的非結構蛋白 non-structural protein
1,簡稱 NS1)檢測陽性。
(四) 急性期(或初次採檢)血清中,登革病毒特異性 IgM 或 IgG
抗體為陽性者。
(五) 成對血清(恢復期及急性期)中,登革病毒特異性 IgM 或 IgG
抗體(二者任一)有陽轉或≧4 倍上升。","具有下列任一個條件:
(一) 住家或活動範圍附近有登革熱陽性病例。
(二) 有登革熱流行地區相關旅遊史。",符合臨床條件。,"(一) 可能病例:
符合臨床條件及流行病學條件。
(二) 極可能病例:
符合臨床條件及檢驗結果陽性定義之第四項。
(三) 確定病例:符合以下二項條件任一者。
1. 符合檢驗結果陽性定義之第一、二、五項之任一項者。
2. 符合檢驗結果陽性定義之第三項(限流行區,或由疾病管
制署或其認可實驗室執行者)。","傳染病 採檢項目 採檢目 採檢時間 採檢量及 送驗方式 應保存種類 注意事項
名稱 的 規定 (應保存時
間)
血清檢體見 2.8.3 及 2.8.4
急性期
病毒株(30備註說明及血清採檢步驟
(發病7
2-8°C(B 日);陽性血請參考第3.3 節。
日內採
病 原 體 以無菌試 類感 清(30 日)
檢)
登革熱 血清 檢測;抗 管收集 3 染性物質
體檢測 恢復期 mL 血清。 P650 包
(發病 裝) 陽 性 血 清
14-40 日 (30 日)
之間)"
發熱伴血小板減少綜合症,https://www.cdc.gov.tw/File/Get/MQTlaQUGBp94ze2FLYuohw,第四類,pdfs/發熱伴血小板減少綜合症.pdf,"(一) 急性發燒≧38°C;
(二) 血小板減少(<100,000 platelets /mm3),以及下列任一(含)項症
狀:腸胃道症狀(噁心、嘔吐或腹瀉)、頭痛、肌肉痛、神經學
症狀、淋巴腺腫大、出血,且無法以其他醫學診斷解釋者。","具有下列任一個條件:
(一) 臨床檢體分離並鑑定出發熱伴血小板減少綜合症病毒
( Severe Fever with Thrombocytopenia Syndrome
Virus)。
(二) 臨床檢體分子生物學核酸檢測陽性。
(三) 成對血清(急性期及恢復期)中,發熱伴血小板減少綜合
症病毒特異性 IgM 或 IgG 抗體(二者任一)有陽轉或≧4
倍上升。
(四) 單支血清(不限急性期)中,發熱伴血小板減少綜合症病
毒特異性 IgM 或 IgG 抗體為陽性者。","(一) 發病前兩週內曾有蜱蟲叮咬史;
(二) 發病前兩週內曾具國內戶外(畜牧場、農場、山林等)活動史;
(三) 發病前兩週內有發熱伴血小板減少綜合症流行疫情地區之戶外
活動史;
(四) 發病前兩週內曾與在可傳染期之極可能或確定病例有密切接
觸,包括在無適當防護下提供照護、相處,或有血液、體液之
直接接觸。","具有以下任一條件
(一) 符合所有臨床條件及任一項流行病學條件;
(二) 僅符合臨床條件第(一)項及流行病學條件第(四)項;
(三) 符合檢驗條件。
1","(一) 可能病例:
符合臨床條件及流行病學條件。
(二) 極可能病例:
符合檢驗結果陽性定義之第四項。
(三) 確定病例:
符合檢驗結果陽性定義之第一、二、三項之任一項。","應保存種類
項目 採檢項目 採檢目的 採檢時間 採檢量及規定 送驗方式 (應保存時 注意事項
間)
1.檢體勿加
入任何添加
物。
2.血清檢體
見 2.8.3 及
2.8.4備註。
急性期(發病7
說明及血清
日內採檢)
採檢步驟請
參 考 第 3.3
節。
2-8°C 3.血清為必
發 熱 伴 病原體檢 以無菌血清管 病 毒 株 (30
(B 類感染
採項目,其
血 小 板 血清 測;抗體檢 收集 3~5 mL血 日);血清(30
性物質
綜合症 測 清。 日) 他體液須經
包裝)
臨床醫師認
定有額外檢
驗需求,且
恢復期(發 經與本署各
病 14~40 日之
區管中心連
間)
繫後,認有
必要者,才
需採檢。
2"
白喉,https://www.cdc.gov.tw/File/Get/NYppYldyAOVu-9NUXCYMjA,第二類,pdfs/白喉.pdf,"(一) 呼吸道白喉:
急性扁桃腺炎、咽喉炎或鼻咽炎,並伴有組織壞死形成灰白色
膜(偽膜)。
(二) 皮膚白喉:
持久不癒的皮膚感染及潰瘍,可能形成膿疱並被偽膜覆蓋。","臨床檢體(咽、喉或鼻黏膜之病灶偽膜或皮膚病灶),分離並鑑定
出 產 毒 素 之 白 喉 相 關 棒 狀 桿 菌 ( 包 含 Corynebacterium
diphtheriae, Corynebacterium ulcerans 及 Corynebacterium
pseudotuberculosis)。","與確定病例具有密切接觸,即照護、同住,或與確定病例有呼吸
道分泌物等接觸。",符合臨床條件。,"(一) 可能病例:
符合臨床條件。
(二) 極可能病例:
NA
(三) 確定病例:
具有下列任一個條件:
1. 符合臨床條件和檢驗條件。
2. 符合臨床條件,雖未經實驗室檢驗證實,但與經實驗室
證實之確定病例具有流行病學之關聯。
1","傳染病 應保存種類
採檢項目 採檢目的 採檢時間 採檢量及規定 送驗方式 注意事項
名稱 (應保存時間)
以無菌細菌拭子之
咽頭、喉 1. 見備註 2.8.6 及
棉棒直接採集咽2-8oC
頭及鼻黏病原體檢 圖 2.5,採檢步
臨床診斷頭、喉頭及鼻黏膜(B類感染
驟請參考第 3.7
膜之病灶測;毒素
白喉 為疑似病等之病灶偽膜或皮性 物 質 菌株(30日) 節說明。
偽膜或皮鑑 定 ( 分
例時 膚病灶偽膜,插入P650 包 2. 病 灶 偽 膜 採
膚病灶偽生鑑定) 集,以由醫師執
Cary-Blair保存輸送裝)
膜 行為原則。
培養基。
2"
百日咳,https://www.cdc.gov.tw/File/Get/hXlOZtreRs3dNqSHcgjomg,第三類,pdfs/百日咳.pdf,"持續咳嗽至少 2 週,且至少具有下列任一個條件:
(一) 陣發性咳嗽(Paroxysmal cough)
(二) 吸入性哮聲(Inspiratory whoop)
(三) 咳嗽後嘔吐(Post-tussive vomiting)","具有下列任一個條件:
(一) 臨床檢體(鼻咽腔後部分泌物)分離並鑑定出百日咳桿菌
(Bordetella pertussis)。
(二) 臨床檢體分子生物學核酸檢測陽性。",曾與經實驗室證實之確定病例有飛沫、近距離或親密之接觸史。,"具有下列任一個條件:
(一) 符合臨床條件。
(二) 有咳嗽病史或僅出現輕微症狀,且經醫院自行檢驗,符合檢驗
條件。","(一) 可能病例:
符合臨床條件。
(二) 極可能病例:
符合流行病學條件,且近期有咳嗽史。
(三) 確定病例:
具有下列任一個條件:
1. 符合臨床條件及檢驗條件。
2. 符合臨床條件及流行病學條件。
3. 具有急性咳嗽(不須符合臨床條件)及符合檢驗條件第一
項。","採檢項目 檢體種類 採檢目的 採檢時間 採檢量及規定 送驗方式 注意事項
以百日咳專用鼻咽
1. 見第 2.8.6 節說明及
拭子採集鼻咽腔後
圖 2.3,採檢步驟請參
部分泌物,插入
考第 3.8 節及圖 3.9。
鼻咽腔後病原體檢 未投藥前Regan-Lowe 保存輸
百日咳 低溫 2. 所需鼻咽拭子及其輸
部分泌物 測 立即採檢 送培養管。
送培養基,請事先與
百日咳專用 PCR 拭 本署昆陽辦公室檢體
子 單一窗口聯繫。"
破傷風,https://www.cdc.gov.tw/File/Get/9mXtICTXA86NISmVoaYGag,第三類,pdfs/破傷風.pdf,"具下列任一條件,且排除其他臨床診斷者。
(一) 痛性之肌肉收縮(最初在咬肌及頸部肌肉,而後為軀幹肌肉)
(二) 腹部僵硬(abdominal rigidity)
(三) 肌肉痙攣(spasm)
(四) 角弓反張(opisthotonus)
(五) 臉部表情出現「痙笑」(risus sardonicus)",NA,"發病前3-12天內有受傷,且未經破傷風抗毒素處理。",符合臨床條件。,"(一) 可能病例:
符合臨床條件。
(二) 極可能病例:
NA
(三) 確定病例:
NA","採檢項目 檢體種類 採檢目的 採檢時機 採檢規定 運送條件 注意事項
破傷風桿菌自感染部
位檢出機率極低,通
常無法從患者血液中
無(見注
破傷風 無 無 無 無 檢出抗體反應。故不
意事項)
採集疑似患者檢體檢
驗,以臨床症狀作為
病例確認判定依據。"
結核病,https://www.cdc.gov.tw/File/Get/u9_mICGcjgec3R7Bu7GqqA,第三類,pdfs/結核病.pdf,"(一) 接受抗結核藥物治療之結核病人。
(二) 具有結核病之症狀、徵候或胸部X 光顯示疑似結核病灶且醫師高度懷疑。","(一) 臨床檢體(如痰、肋膜液、胃洗液、支氣管沖洗液、組織切片等)結核菌培養陽
性,鑑定為結核菌群(Mycobacterium tuberculosis complex)(不含 Mycobacterium
bovis BCG)。
(二) 臨床檢體(如痰、肋膜液、胃洗液、支氣管沖洗液、組織切片等)
經Mycobacterium tuberculosis complex核酸偵測為陽性。
(三) 組織切片顯示典型病理報告。
(四) 臨床檢體塗片抗酸菌染色檢驗陽性。
三、流行病學條件:NA",,"具有下列任一個條件:
(一) 符合檢驗條件第一項或第二項,或
(二) 符合臨床條件第一項,或
(三) 符合檢驗條件第三項或第四項,且醫師高度懷疑,或
(四) 符合臨床條件第二項。","(一) 可能病例:NA
(二) 極可能病例:NA
(三) 確定病例:
具有下列任一個條件:
1. 符合檢驗條件第一項,或
2. 符合臨床條件第一項且胸部X 光進步或臨床症狀改善,或
3. 符合檢驗條件第二項及第四項。","請參閱衛生福利部疾病管制署「傳染病檢體採驗手冊」。
(可至疾病管制署全球資訊網(https://www.cdc.gov.tw/) 首頁 /檢驗項下查詢)
採檢項目 檢體種類 採檢目的 採檢時間 採檢規定 送驗方式 保存時間 注意事項
結核病 臨床檢體 病原體傳統 配合臨床或 痰液檢體: 2-8oC 菌株(2 年)
1. 初次驗
檢測 公衛需求 詳傳染病檢 (B 類感染
痰:未用
臨床檢體 病原體分子 體採檢手冊 性物質
藥前
檢測 3.9 痰液檢 P650 包
體 裝)
2. 非痰液
菌株 詳傳染病檢 2-8oC
檢 體:
體採檢手冊 (A 類感染
請依標
3.15.2菌株 性物質
準操作
檢體 P620 包
程序執
裝)
行"
肉毒桿菌中毒,https://www.cdc.gov.tw/File/Get/gAMp_7hIsMnV80poQ-P5xg,第四類,,"疑似肉毒桿菌之毒素引起之腸道或神經學症狀,包含
(一) 症狀最初可以視覺模糊或複視、吞嚥困難、口乾、眼瞼下垂等表
現。之後,可能出現弛緩性麻痺之現象,也可能有嘔吐、便秘或
下痢,嚴重時會發展至呼吸無力衰竭而死亡。
或
(二) 發生在不足 1 歲嬰兒,症狀從便秘開始,昏睡、倦怠、食慾不
振、眼瞼下垂、嚥物困難、失去頭部控制、肌肉張力低下及全身
性虛弱,有時會發展至呼吸無力衰竭而死亡。","(一) 食品、血液或糞便檢測出肉毒桿菌毒素(Botulinum toxin)。
(二) 糞便分離並鑑定出肉毒桿菌(Clostridium botulinum)。
(三) 傷口分離並鑑定出肉毒桿菌(Clostridium botulinum)。","具有下列任一個條件:
(一) 曾與確定病例有共同嫌疑食品暴露史。
(二) 潛伏期內(4 小時 ~8 天,平均 3 天)曾食用市售或家庭自製罐頭
食品或醃漬食品(如:蔬菜、水果、魚類、肉類、水產品等)、真空
包裝食品或其他肉毒桿菌中毒嫌疑食品(如:低溫煙燻即時食品)。
(三) 攝食可能含肉毒桿菌孢子之嫌疑食品,如蜂蜜(偶亦含此孢子)、
蔬果(表面可能有孢子)或海鮮。
2019年10月
(四) 發病前 2 週有傷口受細砂、泥土之污染。
(五) 發病前 2 週曾使用靜脈藥物者。
(六) 發病前(6 週內)曾注射肉毒桿菌毒素。
(七) 因意外(如實驗室操作)或故意(如生物攻擊)之肉毒桿菌毒素暴露
史者。
(八) 因腸道手術或腸道菌叢改變者,致肉毒桿菌孢子存在腸道產生毒
素者。",符合臨床條件。,"(一) 食因型肉毒桿菌中毒:
1. 極可能病例:符合臨床條件(一)及流行病學條件(一)。
2. 確定病例:符合臨床條件(一)及檢驗條件之(一)或(二),並排除流
行病學條件之(四)、(五)、(六)、(七)及(八)。
(二) 嬰兒型肉毒桿菌中毒:
1. 極可能病例:NA
2. 確定病例:符合臨床條件(二)及檢驗條件之(一)或(二) 。
(三) 創傷型肉毒桿菌中毒:
1. 極可能病例:
符合臨床條件(一)及流行病學條件之(四)或(五) ,並排除流行病學
條件之(一)、(二)及(三)。
2. 確定病例:
符合臨床條件(一) 及檢驗條件之(三)或(一)之血液檢體陽性,同時
符合流行病學條件之(四)或(五),並排除流行病學條件之(一)、(二)
2019年10月
及(三)。
(四) 其他型肉毒桿菌中毒:
1.極可能病例:
符合臨床條件(一)及流行病學條件之(六)、(七)或(八),並
排除流行病學條件之(一)、(二)、(三)、(四)及(五)。
2.確定病例:
一歲以上且符合臨床條件(一)及檢驗條件之(二)或(一)血液或糞
便檢體陽性,並排除流行病學條件之(一)、(二)、(三)、(四)及(五)。","採驗項目 採檢種類 採檢目的 採檢時間 採檢量及規定 送驗方式 注意事項
1. 患者如施以任何
治療措施,應備註
於檢體送驗單。
施打抗毒
毒素與型 以無菌試管收集 20 2. 本菌毒素毒性劇
血清 素前立即
別鑑定 mL 血清。 烈,致死率高,採
採檢 檢時應謹慎操作
3. 勿使用細菌拭子
採集糞便檢體,採
檢步驟請參考第
3.5 及見 2.8.2 備
註說明。
以無菌容器收集至
糞便
2-8oC
4. 血清檢體見 2.8.3
少 25 g糞便。 (B類感染 及 2.8.4 備註說
肉毒桿菌
性物質 明,血清採檢步驟
中毒
請參考第 3.3 節。
P650 包
5. 見 2.8.2 備註說明
裝)
及糞便檢體採檢
病原體檢 以無菌容器收集 25 請參考第 3.5 節。
嘔吐物 立即採檢
測 g以上嘔吐物。 6. 傷口採檢請參考
第 3.11 節。
7. 屬於食品中毒案
件,送檢時須附食
品中毒調查表影
以厭氧細菌拭子採 本。
皮膚傷口 取傷口分泌物或潰
8. 寄送檢體前,先
與檢驗單位聯
爛處之檢體
繫。
2019年10月
2019年10月"
腸病毒感染併發重症,https://www.cdc.gov.tw/File/Get/HzGB6fHpfPspHMHu_96DEg,第三類,pdfs/腸病毒感染併發重症.pdf,"具有下列任一個條件:
(一) 出現典型的手足口病或疱疹性咽峽炎,同時有肌抽躍
(myoclonic jerks)之症狀或併發腦炎、急性肢體麻痺症候群、
急性肝炎、心肌炎、急性心肌病變、心肺衰竭等嚴重病例。
(二) 無手足口病或疱疹性咽峽炎,但出現呼吸道感染症狀,伴有腦
幹腦炎或急性無力脊髓炎,懷疑為腸病毒感染導致者。
(三) 出生三個月內嬰兒,出現心肌炎、肝炎、腦炎、血小板下降、
多發性器官衰竭等敗血症徵候,並排除細菌等其他常見病原感
染者。","具有下列任一個條件:
(一) 臨床檢體(咽喉擦拭液或咽喉洗液、糞便或直腸拭子、腦脊髓
液或水泡液等),分離並鑑定出腸病毒(Enterovirus)。
(二) 臨床檢體分子生物學核酸檢測陽性。
(三) 血清學抗體檢測陽性(指血清中腸病毒 71 型特異性 IgM 抗
體)。","個案發病前兩個月內,家庭或嬰幼兒托育場所之共同居住成員(尤其
是嬰幼兒)曾感染腸病毒。",符合臨床條件。,"由防疫醫師審查判定。
(一) 排除個案:
嚴重程度未達臨床條件,或不符合檢驗條件。
(二) 極可能病例:
符合臨床條件但無實驗室確認,或高度懷疑為腸病毒感染。
(三) 確定病例:
符合臨床條件及檢驗條件。","採檢項目 檢體種類 採檢目的 採檢時機 採檢規定 運送條件 注意事項
1.由醫師研判視需
以無菌檢體小瓶 要採檢。
水疱液呈透
水疱液 收集至少 0.5 mL 2. 水疱液採檢步
明狀時
水疱液。 驟請參考第 3.13
節。
1. 由醫師研判視需
要採檢。
2. 腦脊髓液勿加入
以無菌試管收集 任何添加物並置
發病
腦脊髓液 1.0 mL 以上腦脊 入無菌試管。
5天內
髓液。 3. 腦脊髓液採檢步
驟請參考第 3.6
病原體檢
節,由醫師採
測
檢。
以病毒拭子之棉 2-8°C
咽喉擦拭
腸病毒感 棒擦拭咽喉,插入
液
染併發重 病毒保存輸送管。 (B類感染 1. 見2.8.5備註說明
症 性物質包 及咽喉採檢步驟
1. 以病毒拭子之
發病 棉棒採直腸檢 裝) 請參考第3.7 節。
7天內 2. 見2.8.2備註說明
體,插入病毒保
肛門拭子 及糞便採檢步驟
存輸送管。
或糞便 請見第3.5節。
2. 以糞便專用採
檢瓶挖取約 3 g
糞便。
急性期(發病
血清檢體見2.8.3及
7天內)
以無菌試管收集 2.8.4備註說明及血
血清 抗體檢測 ;恢復期(發
至少1.5 mL血清。 清採檢步驟請參考
病14-21天
第3.3節。
內)
將病毒培養後上
已分離病毒 清液放入無菌病
病毒株 檢體保留
株時 毒 保 存 管 , 0.5
-1.0mL/管"
腸道出血性大腸桿菌感染症,https://www.cdc.gov.tw/File/Get/u9hIZa2RMbReXr5R4moVfw,第二類,pdfs/腸道出血性大腸桿菌感染症.pdf,"出現腸胃道症狀,嚴重者可導致出血性腹瀉、溶血性尿毒症候群
(hemolytic uremic syndrome, HUS)或栓塞性血小板減少性紫斑症
(thrombotic thrombocytopenic purpura, TTP)等。","臨床檢體(糞便或肛門拭子)分離並鑑定出產類志賀毒素(shiga-like
toxin)之大腸桿菌(E. coli)。","具有下列任一個條件:
(一) 曾經與確定病例具有密切接觸。
(二) 與確定病例暴露共同感染源。","具有下列任一個條件:
(一) 符合臨床條件。
(二) 經醫院自行檢驗,符合檢驗條件。","(一) 可能病例:
NA
(二) 極可能病例:
符合臨床條件,雖未經實驗室檢驗證實,但與確定病例具有流
行病學之關聯。
(三) 確定病例:
符合臨床條件和檢驗條件。","採檢項目 檢體種類 採檢目的 採檢時機 採檢規定 運送條件 注意事項
以無菌細菌拭子之棉 1. 見2.8.6備註
病 原 體 檢
棒,採集帶血或膿之 說明及圖 2.5,
測;毒素及
糞便 立即採檢 黏 液 糞 便 , 置 入低溫 糞便採檢步驟
抗 血 清 檢
Cary-Blair 保存輸送 請參考第 3.5
測
培養基。 節。
腸道出血 2. 患者如施以任
性大腸桿 何治療措施,應
菌感染症 菌 株 鑑 純化之菌株以拭子沾低溫 備註於檢體送
定;毒素及 滿 一 圈 後 置 入 (B 類感染 驗單。
菌株 儘速送驗
抗 血 清 測 Cary-Blair 保存輸送 性物質包3. 屬於食品中毒
試 培養基。 裝) 案件,送檢時附
食品中毒調查
表影本。"
茲卡病毒感染症,https://www.cdc.gov.tw/File/Get/2gJGyats5wLBtOgQp8AZ4g,第二類,pdfs/茲卡病毒感染症.pdf,"(一)有紅疹或發燒,且有下列任一(含)項以上症狀:關節痛
(arthralgia)、關節炎(arthritis)、非化膿性或充血性結膜炎
(non-purulent/hyperemicconjunctivitis),無法以其他醫學診斷
解釋者。
(二)新生兒/胎兒具有下列任一個條件,且生母有茲卡病毒暴露史*:
1. 小頭畸形**。
2. 顱內鈣化或先天性神經系統相關異常,且已排除其他病因。
*暴露史定義:
懷孕期間,或其性伴侶於該孕婦懷孕前六個月內或懷孕期間,有茲卡病
毒感染症流行地區相關活動史,或活動範圍內有茲卡病毒感染症確定病
例。
**小頭畸形定義:
(1) 依據年齡、性別及出生時妊娠期之生長曲線,頭圍小於第3個百分
位(third percentile),且與身長、體重不成比例,經專科醫師評估
為小頭畸形者。
(2) 胎兒超音波檢查頭圍小於3個標準差者(SD, standard deviation)。","符合下列檢驗結果之任一項者,定義為檢驗結果陽性:
(一)臨床檢體分離並鑑定出茲卡病毒。
(二)臨床檢體分子生物學核酸檢測陽性。
(三)急性期(或初次採檢)血清中,茲卡病毒特異性IgM或IgG抗體
為陽性,並排除其他黃病毒交叉反應。
(四)成對血清(恢復期及急性期)中,茲卡病毒特異性IgM或IgG抗
體(二者任一)有陽轉或≧4倍上升。","具有下列任一個條件:
(一)發病前二週,活動範圍內有茲卡病毒感染症確定病例。
(二)發病前二週,有茲卡病毒感染症流行地區相關活動史。
(三)性伴侶於個案發病前6個月內,有茲卡病毒感染症流行地區相關
活動史,或活動範圍內有茲卡病毒感染症確定病例。","具有下列任一個條件:
(一)符合臨床條件(一),及流行病學條件。
(二)符合臨床條件(二)。","(一)可能病例:
NA
(二)極可能病例:
符合流行病學條件及檢驗結果陽性定義之第三項。
(三)確定病例:
符合檢驗結果陽性定義之第一、二、四項之任一項。","傳染病 採檢量 應保存種類
採檢項目 採檢目的 採檢時間 送驗方式 注意事項
名稱 及規定 (應保存時間)
以無菌 1. 檢體勿加
2-8°C
茲卡病 病原體檢 急性期(發 血清管 入任何添
血清 測;抗體 收集 3~5 (B類感染 病毒株(30日) 加物。
毒感染 病7日內採
檢測 mL血 性物質 ;血清(30日) 2. 血清檢體
症 檢) 清。 見2.8.3 及
包裝)
2.8.4 備註
說明及血
清採檢步
驟請參考
恢復期(發
第3.3 節。
病14-40 日 3. 尿液採檢
之間) 步驟請參
考第3.4
節。
以無菌 4. 血清及尿
離心管
病原體檢 發病1~14 病毒株(30日) 液為必採
尿液 收集 10
測 日採檢 ;尿液(30日) 項目。
mL尿
液。
以無菌
須經臨床醫師
試管收
認定有額外檢
集 1 mL
急性期(發 驗需求,且經
體液(如羊 病原體檢 臍帶血 病毒株(30日)
病7日內採 與本署各區管
水、臍帶血、 測 或 3mL ;體液(30日)
檢) 中心連繫後,
唾液、脊髓液) 羊水、唾
認有必要者,
液、脊髓
才需採檢。
液。
實施日期:110 年9月6日
通報「重點監視項目」之「茲卡病毒篩檢」原則
不符合茲卡病毒感染症通報定義,但有茲卡病毒之檢驗需求者,僅限:
1. 孕婦於懷孕期間具有茲卡病毒暴露史*。
2. 新生兒/胎兒具有小頭畸形或疑似感染茲卡病毒症狀,但生母無茲卡
病毒暴露史*或暴露史不明。
*暴露史定義:懷孕期間,或其性伴侶於該孕婦懷孕前六個月內或懷孕期間,
有茲卡病毒感染症流行地區相關活動史,或活動範圍內有茲卡病毒感染症確定
病例。"
萊姆病,https://www.cdc.gov.tw/File/Get/05kDzMm_N48vAXrlLcc3AQ,第四類,pdfs/萊姆病.pdf,"頭痛、發燒、淋巴腺腫大、肌肉疼痛、喉嚨痛、頸部僵硬、遊走性
紅斑,病程進展到後期會出現神經根發炎。","具有下列任一個條件:
(一)臨床檢體(皮膚病灶區之檢體或腦脊髓液、關節囊液等)分
離並鑑定出伯氏疏螺旋體(Borrelia burgdorferi )。
(二)血清學抗體檢測陽性。",NA,符合臨床條件。,"(一)可能病例:
NA
(二)極可能病例:
NA
(三)確定病例:
符合檢驗條件。","傳染病 應保存種類
採檢項目 採檢目的 採檢時間 採檢量及規定 送驗方式 注意事項
名稱 應保存時間
1. 血清檢體勿
以無菌刀片切
加入任何添
取病灶區外緣
加物。
往內側 0.5 cm
皮膚傷口 臨床診斷 2. 傷口採檢,請
處之檢體,以無
(遊走性 為疑似病 參閱傳染病
菌生理食鹽水
紅斑) 例 檢體採檢手
沾濕之無菌紗
冊 第 3.11
布包裹,再置於
22-35°C 節。
無菌容器內。
病原體 (B 類感 菌株 3. 腦脊髓液採
檢測 染性物質 (30日) 檢步驟請參
包裝) 閱傳染病檢
體採檢手冊
以無菌檢體小
腦 脊 髓 臨床診斷 第3.6節,由
瓶收集 0.5 mL
液、關節 為疑似病 醫師採檢。
腦脊髓液或關
萊姆病 囊液 例 4. 關節囊液採
節囊液。
檢步驟請參
閱傳染病檢
體採檢手冊
第 3.10 節,
由 醫 師 採
檢。
5. 血清檢體請
2-8°C
發病 參閱傳染病
以無菌試管收 (B 類感 陽性血清
抗體檢測 8-30 日 檢體採檢手
血清
集3mL血清。 染性物質 (30日)
內 冊 2.8.3 及
包裝)
2.8.4 備註說
明,血清採檢
步驟請參閱
第3.3節。"
裂谷熱,https://www.cdc.gov.tw/File/Get/aXzz24nuZ22J-sZoCpWGSw,第五類,pdfs/裂谷熱.pdf,"具有下列任一個條件:
(一) 發燒、頭痛、關節痛、肌痛、腦炎、視網膜病變、畏光等
任一臨床描述。
(二) 出現可能導致多重器官衰竭之各種不同形式的出血症狀。","具有下列任一個條件:
(一) 臨床檢體(血液、腦脊髓液或感染組織(如肝、腦等))
分離並鑑定出裂谷熱病毒(Rift Valley fever virus)。
(二) 臨床檢體分子生物學核酸檢測陽性。
(三) 血清學抗體檢測陽性:單一血清檢體 IgM 抗體陽性或急
性期與恢復期血清 IgG 抗體效價≧4 倍上升。","發病前 6 天內,具有下列任一個條件:
(一) 具有裂谷熱流行地區之旅遊史或居住史。
(二) 具有裂谷熱流行地區綿羊、牛、山羊、駱駝等動物接觸
史或曾接觸感染動物或感染者的血液、組織、器官或體
液。
(三) 被蚊子叮咬且住家或活動範圍附近出現確定病例。","具有下列任一個條件:
(一) 符合臨床條件及流行病學條件。
(二) 符合檢驗條件。","(一) 極可能病例:
雖未經實驗室證實,但符合臨床條件及流行病學條件。
(二) 確定病例: 符合檢驗條件。",請參閱「傳染病檢體採檢手冊」(https://gov.tw/pK8)
西尼羅熱,https://www.cdc.gov.tw/File/Get/PN78eTREUieJ5lAMBo5pFQ,第二類,pdfs/西尼羅熱.pdf,"發燒≧38°C,且具有下列任一臨床表現:頭痛、關節痛、肌痛、倦怠、
丘疹般塊狀紅疹、淋巴腺腫大、腸胃道症狀(如嘔吐或腹瀉)、腦膜
炎、腦炎、急性無力性麻痺症候群。","符合下列檢驗結果之任一項者,定義為檢驗結果陽性:
(一) 臨床檢體(組織、血清、腦脊髓液或其他體液)分離並鑑定出
西尼羅病毒,或證實含有特異性抗原者。
(二) 臨床檢體分子生物學核酸檢測陽性。
(三) 腦脊髓液中有西尼羅病毒特異性之 IgM 抗體。
(四) 急性期(或初次採檢)血清中,西尼羅病毒特異性 IgM 或 IgG
抗體為陽性者。
(五) 成對血清(恢復期及急性期)中,西尼羅病毒特異性 IgM 或
IgG 抗體(二者任一)有陽轉或≧4 倍上升。","具有下列任一個條件:
(一)有西尼羅熱相關流行地區旅遊史。
(二)與確定病例有器官移植、輸血之接觸;或母子垂直感染。","具有下列任一個條件:
(一) 符合臨床條件及流行病學條件。
(二) 醫師或法醫師高度懷疑與確定病例具有流行病學上相關。","(一) 可能病例:
NA
(二)極可能病例:
符合臨床條件及檢驗結果陽性定義之第四項。
(三)確定病例:
符合檢驗結果陽性定義之第一、二、三、五項之任一項。","採檢項目 檢體種類 採檢目的 採檢時機 採檢規定 運送條件 注意事項
1. 若 無 法 取 得 急
性期之血液,
急性期(發
請立即採檢,
病 後 7 日
以無菌試管收 並採間隔 7 日
內);
血清 集 3 mL 血 之恢復期血
恢復期(發
清。 清,分 2次送
病 14-40 天
驗。
之間)
2. 檢 體 勿 加 入
任何添加物。
3. 血 清 檢 體 見
2-8°C
病原體檢測; 傳染病檢體採
(B 類 感
西尼羅熱 抗體檢測 檢手冊 2.8.3 及
染性物質
2.8.4 備註說明
包裝)
及血清採檢步
驟請參考第
以無菌容器收
3.3 節。
腦脊髓液 住院期間 集腦脊髓液 2-
4. 腦 脊髓 液 採 檢
3 mL。
步驟,請參考
傳染病檢體採
檢手冊第3.6
節,由醫師採
檢。"
退伍軍人病,https://www.cdc.gov.tw/File/Get/t5j7Tf8Hl2PBMMA6tgHqoQ,第三類,pdfs/退伍軍人病.pdf,"肺炎病人,並出現倦怠感、畏寒、肌肉酸痛、頭痛、發燒、頭昏、咳
嗽、噁心、腹痛、腹瀉及呼吸困難等任一症狀。","具有下列任一個條件:
(一) 臨床檢體(痰液、呼吸道分泌物或胸膜液)分離並鑑定出退伍
軍人菌(Legionella spp.)。
(二) 尿液抗原檢測陽性。
(三) 血清學抗體檢測陽性:檢測抗體效價,恢復期(4 ~12 週)比
起發病初期有 4 倍以上增加,且≧128。","具有下列任一個條件:
(一) 與確定病例暴露共同感染源。
(二) 具有經檢驗確認為汙染的環境或水源之接觸史(曾暴露於退伍
軍人菌高風險環境)。",符合臨床條件。,"(一) 可能病例:
符合臨床條件。
(二) 極可能病例:
具有下列任一個條件:
1. 符合臨床條件及血清學檢測之恢復期抗體效價出現上升,
但未達 4 倍上升。
2. 符合臨床條件及流行病學條件。
(三) 確定病例:
符合臨床條件和檢驗條件。","採檢項目 檢體種類 採檢目的 採檢時機 採檢規定 運送條件 注意事項
痰液、呼 1. 勿以棉花拭
吸道分泌病原體檢 以無菌容器收集直接喀 子採集痰液、呼
物、胸膜測 出之痰液。 吸道分泌物、胸
立即採檢
液 膜液等檢體。
以無菌容器收集 10 mL 2. 勿採患者口
尿液 抗原檢測
尿液。 低溫 水。
急 性 期 3. 痰液檢體採
( 立 即 採 檢請參考第 3.9
以無菌試管收集至少 3
血清 抗體檢測 檢);恢復 節。
mL 血清。
期 (4-12 4. 胸膜液等體
週) 液採檢請參考
1. 水龍頭、蓮蓬頭、飲水 第 3.10 節。
機等水源:(1)以細菌拭 5. 尿液檢體見
子之棉棒在欲採樣之 2.8.2 備註說
水源下潤溼後,伸入水 明,尿液檢體採
源出水口內部,上下左 檢步驟請參考
退伍軍人
右旋轉數次後,插入 第 3.4 節。
病
水龍頭、 Cary-Blair 保存輸送培 6. 血清檢體見
蓮蓬頭、 養基。或者(2)以無菌棉 2.8.3 及 2.8.4
飲水機、病原體檢配合陽性 棒在欲採樣之水源下 備註說明,血清
低溫
冷卻水塔測 案例 潤溼後,伸入水源出水 採檢步驟請參
等水源環 口內部,上下左右旋轉 考第 3.3 節。
境檢體 數次後,折斷棉棒置於 7. 環境檢體
無 菌 容 器 或 採 水 袋 (水龍頭、蓮蓬
中,再續接 200 mL 環 頭、飲水機等水
境水於同一容器中 源):細菌拭子
2. 冷卻水塔水源:以無菌 (1)或一袋水
容器或採水袋收集約 (2),擇一送
100 mL 冷卻水塔水。 檢。
純化之菌株以拭子沾滿 8. 菌株為陽性
一圈後置入 Cary-Blair 保 個案臨床分離
已分離菌 低 溫 / 常
菌株 菌株鑑定 存輸送培養基,或接種於 株及其相關環
株時 溫
BCYE 培養基,以封口膜 境分離株。
密封,並加夾鏈袋運送。"
鉤端螺旋體病,https://www.cdc.gov.tw/File/Get/vRJ84cWMW3Ri4bJMM_k0WA,第四類,pdfs/鉤端螺旋體病.pdf,"出現急性發燒、頭痛、肌肉痛(尤其常見小腿肚痛)、腹痛、腹瀉、
倦怠,或伴有下列任一種臨床表現:
(一) 結膜充血(conjunctival suffusion)
(二) 腦膜炎症狀(meningeal irritation)及無菌性腦膜炎(aseptic
meningitis)
(三) 無尿、少尿或蛋白尿(anuria、oliguria or proteinuria)
(四) 黃疸(jaundice)
(五) 急性腎功能不全(acute renal insufficiency)
(六) 出血傾向(腸道或肺部)(gastrointestinal or pulmonary
hemorrhage)","具有下列任一個條件:
(一) 臨床檢體(尿液、血液或腦脊髓液)分離並鑑定出鉤端螺旋體
(Leptospira spp.)。
(二) 血清學抗體檢測陽性:無論使用何種篩檢試劑檢驗,必須使用
顯微凝集試驗(Microscopic Agglutination Test, MAT)做確
認診斷,恢復期血清較急性期血清抗體效價≧4 倍上升。","發病前 1 個月內曾有接觸動物、野外活動,或暴露於被感染動物尿液
污染之環境(如污水、溼土等)。",符合臨床條件及流行病學條件。,"(一) 可能病例:
NA
(二) 極可能病例:
NA
(三) 確定病例:
符合臨床條件及檢驗條件。","採檢項目 檢體種類 採檢目的 採檢時間 採檢量及規定 送驗方式 注意事項
以無菌容器收集
1. 發病 7 日後且未投藥
10 mL中段尿液。
發病 10 天 治療之尿液檢體,仍
病原體檢 並添加0.5 mL之1
尿液 後,且未投藥 低溫 視為有效檢體。
測 M 磷酸緩衝液
前 2. 尿液採檢請參考第
(phosphate
3.4 節。
buffer)(pH 7.4)。
以含抗凝劑 1. 未投藥前及發病 10
高熱期(發病
抗凝固全 病原體檢 (EDTA)採血管 日內血液檢體較易培
10 天內且未 常溫
血 測 採集 5 mL血液檢 養出螺旋體,故發病
投藥前)
體,並混合均勻。 10 日內且未投藥治
療之血液檢體,仍視
鉤端螺旋
為有效檢體。
體病
2. 血清檢體勿加入任何
添加物。
3. 需 2 次採檢確認者,
急性期(發病 急性感染期與緩解期
7 天內);恢 以無菌試管收集 3 相隔至少 14 天,以做
血清 抗體檢測 低溫
復期(發病 mL血清。 配對血清抗體力價變
8-14 天之間) 化之判斷
4. 抗凝固全血採檢步驟
請參考第 3.2 節。
5. 血清檢體見 2.8.3 及
2.8.4 備註說明,血清
採檢步驟見第3.3節。
具無菌性腦
以無菌檢體小瓶收 腦脊髓液採檢步驟請
病原體檢 膜炎症狀,發
腦脊髓液 集 0.5 mL腦脊髓 常溫 參考第 3.6 節,由醫師
測 病 5-10 天之
液。 採檢。
間"
阿米巴性痢疾,https://www.cdc.gov.tw/File/Get/KYVtviTLOXDH8843JtO3Mg,第二類,pdfs/阿米巴性痢疾.pdf,"(一)嚴重程度不等的腹瀉,糞便中帶粘液、血絲,上腹疼痛、
發燒、噁心、嘔吐。
(二)經醫師確認發現具有下列任一個臨床診斷:
1.組織切片或潰瘍刮除物發現痢疾阿米巴活動體。
2.影像醫學診斷為膿瘍(如肝膿瘍、肺膿瘍、腦膿瘍等)且
*
血清學檢查痢疾阿米巴抗體陽性 。
*
依試劑之使用說明界定","(一)臨床檢體(糞便、組織或膿瘍抽出物等)經分子生物學核酸檢測(PCR)
確認為痢疾阿米巴。
(二)糞便鏡檢發現疑似痢疾阿米巴之囊體或活動體。","具有下列任一個條件:
(一)曾經與確定病例具有密切接觸。
(二)攝食曾被病人或帶菌者糞便直接或間接污染之食物、飲用水。",符合任一項臨床條件或任一項檢驗條件。,"(一) 可能病例:
NA
(二) 極可能病例:
NA
(三) 確定病例:
具有下列任一個條件:
1. 符合檢驗條件第一項。
2. 符合臨床條件第二項。",請參閱「傳染病檢體採檢送驗手冊」。
霍亂,https://www.cdc.gov.tw/File/Get/VYBZZlriLUSJO9aH-wmXMw,第二類,pdfs/霍亂.pdf,"急性腸胃炎,快速腹瀉或嘔吐的症狀,其嚴重程度因人而異。","臨床檢體(糞便或嘔吐物)分離並鑑定出產毒性O1型或產毒性O139
型霍亂弧菌(Vibrio cholerae serogroup O1或O139)。","具有下列任一個條件:
(一) 曾經與確定病例具有密切接觸(如照護、同住)。
(二) 與確定病例暴露共同感染源。","具有下列任一個條件:
(一) 符合臨床條件。
(二) 經醫院自行檢驗,符合檢驗條件。","(一) 可能病例:
NA
(二) 極可能病例:
NA
(三) 確定病例:
符合臨床條件及檢驗條件。","採檢項目 檢體種類 採檢目的 採檢時機 採檢規定 運送條件 注意事項
以無菌細菌拭子之 1. 見 2.8.6 備註
棉棒,沾取混合均 說 明 及 圖
糞便 勻之糞便檢體,置 2.5,糞便採檢
入 Cary-Blair 保存 步驟請參考第
未投藥前立輸送培養基。 3.5 節。
病 原 體 檢即採檢 以無菌之細菌拭子 2. 可疑環境檢體
測;毒素及 棒,沾取混合均勻 低溫 請與本署昆陽
嘔吐物 抗血清檢測 之嘔吐物,置入 辦公室檢體單
Cary-Blair 保存輸 一窗口聯繫。
送培養基。
霍亂
以無菌塑膠袋收集
水樣環境
配合案例 2袋800 mL以上可
檢體
疑污染源水檢體。
以無菌細菌拭子之
非水樣環 棉棒,沾取檢體,
病原體檢測 配合案例 低溫
境檢體 置入 Cary-Blair 保 可疑環境檢體請
存輸送培養基。 與本署昆陽辦公
純化之菌株以拭子 室檢體單一窗口
病 原 體 檢 低溫 (B
沾滿一圈後置入 聯繫。
菌株 測;毒素及儘速送驗 類感染性
Cary-Blair 保存輸
抗血清檢測 物質包裝)
送培養基。"
類鼻疽,https://www.cdc.gov.tw/File/Get/2PhRhYYk6tZYSP6flkZoxg,第四類,pdfs/類鼻疽.pdf,"臨床表現多樣性,從無症狀或局部皮膚潰瘍,到以嚴重肺炎表現,甚
至是全身性敗血症、休克等。","臨床檢體(咽喉擦拭液或分泌物、膿汁、血液等)分離並鑑定出類鼻
疽伯克氏菌(Burkholderia pseudomallei)。","具有下列任一個條件:
(一) 皮膚傷口接觸到受病原菌污染的土壤或水。
(二) 呼吸道吸入土壤的塵粒。
(三) 食入受染污的水或被污染的食物。","符合臨床條件,且經醫院自行檢驗,符合檢驗條件。","(一) 可能病例:
NA
(二) 極可能病例:
NA
(三) 確定病例:
符合臨床條件及檢驗條件。","採檢項目 檢體種類 採檢目的 採檢時間 採檢量及規定 送驗方式 注意事項
以細菌拭子之棉棒 見 2.8.6 備註說明
喉部擦拭
採集,插入 及咽喉拭子採檢
液或分泌
Cary-Blair保存輸送 步驟請參考第 3.7
物 病發初期
病原體檢 培養基。 節及圖3.7。
(未投藥 低溫
測 以細菌拭子之棉棒
前)
採 集 膿 汁 , 插 入 膿汁採檢步驟請
膿汁
Cary-Blair 保存輸送 參考第3.11節。
培養基。
以含抗凝劑(肝素
或 EDTA)採血管
採集 5-10 mL 血
類鼻疽
液,並混合均勻。 全血採檢步驟請
病發初期
抗凝固全病原體檢 或以採血管採 5-10 參考第3.1節;抗
(未投藥 常溫
血或全血 測 mL靜脈血,立即注 凝固全血採檢步
前)
入含50 mL TSB或 驟請參考3.2節。
BHI 培養基之嗜氧
血瓶內,充分混
合。
純化之菌株以拭子
低溫(A類
已分離菌沾 滿 一 圈 後 置 入
菌株 菌株鑑定 感染性物 儘速送驗
株時 Cary-Blair 輸送培養
質包裝)
基。"
馬堡病毒出血熱,https://www.cdc.gov.tw/File/Get/SIho8-g92lElxe1EY7JDYg,第五類,pdfs/馬堡病毒出血熱.pdf,"具有下列任一個條件:
(一)急性發燒(≧38°C)
(二)頭痛、肌肉痛、噁心、嘔吐、腹瀉、腹痛、吞嚥困難、
丘疹、紫斑、中樞神經系統症狀等任一臨床描述。
(三)不明原因出血。
(四)突發性不明原因死亡。","具有下列任一個條件:
(一) 臨床檢體分離並鑑定出馬堡病毒。
(二) 臨床檢體分子生物學核酸檢測陽性。
(三) 血清學抗體檢測陽性。
(四) 組織切片免疫化學染色(IHC)陽性。","發病前 3 週內,具有下列任一個條件:
(一) 具有馬堡病毒出血熱流行地區之旅遊史或居住史。
(二) 接觸極可能病例或確定病例之血液或體液或其汙染物。
(三) 具有馬堡病毒出血熱流行地區動物(例如蝙蝠、豬隻、
家畜或靈長類等)之接觸史。
(四) 進行馬堡病毒或檢體之實驗室操作。","具有下列任一個條件:
(一) 符合臨床條件以及流行病學條件。
(二) 符合檢驗條件。","(一) 極可能病例:
雖未經實驗室證實,但符合臨床條件,且於發病前 3 週
內接觸確定病例之血液或體液者。
(二) 確定病例:
符合檢驗條件。",請參閱「傳染病檢體採檢手冊」(https://gov.tw/pK8)
麻疹,https://www.cdc.gov.tw/File/Get/iHEj_B66b_QH_AdjsCsENQ,第二類,pdfs/麻疹.pdf,"(一)出疹(斑丘疹)且發燒(耳溫或肛溫)≧38°C。
(二)有時伴隨咳嗽,或流鼻水或結膜炎(畏光、流淚水或眼睛發紅)。","符合下列四種情形之一者,判定為陽性:
(一)咽喉拭子、尿液或全血等檢體病毒培養結果陽性。
(二)RT-PCR試驗結果陽性。
(三)急性期與恢復期血清IgG抗體由陰性陽轉或效價有4倍以上增加。
(四)IgM抗體陽性,並排除其他可能的偽陽性因子影響。","具有下列任一個條件:
(一)發病前三週內,曾有麻疹流行地區旅遊史。
(二)曾與確定病例有空氣或飛沫接觸,或曾直接接觸確定病例之鼻咽分
泌物。","出疹且發燒(耳溫或肛溫)高於38°C,並具有下列三項條件之任一者:
(一)咳嗽、流鼻水或結膜炎(畏光、流淚水或眼睛發紅)三種症狀中
的一種。
(二)無麻疹相關疫苗接種史。
(三)發病前三週內,曾有麻疹流行地區旅遊史。","個案之判定除參考檢驗結果外,需送請防疫醫師,合併考量其臨床症
狀、疫苗接種情形與近期旅遊史後,進行病例最終判定,病例分類如
下:
(一) 可能病例:符合通報定義,但血清學、病毒學或其他相關檢驗無
法證實或並未檢驗,並與實驗室確診個案無流行病學上之關聯。
(二) 確定病例:
符合下列條件之一者,並經防疫醫師審查判定確定者:
1. 經實驗室檢驗確認者。
2. 符合通報定義,且與實驗室確診個案有流行病學相關者。","採檢項目 檢體種類 採檢目的 採檢時機 採檢規定 運送條件 注意事項
以 含 抗 凝 劑
急性期(發病
病原體檢 ( 肝 素 或 抗凝固檢體採
抗凝固全 7日內);恢復
測;抗體 EDTA)採血管 檢步驟請參考
血 期(發病14-
檢測 採集5 mL 血 第3.2節。
40 日之間)
液,混合均勻。
以無菌病毒拭 見2.8.5 備註
子之棉棒擦拭 2-8oC(B 說明及咽喉採
麻 咽喉擦拭
咽喉,插入病 類感染性 檢步驟請參考
疹 液
毒 保 存 輸 送 物質包裝) 第3.7 節及圖
病原體檢 急性期(發病 管。 3.7。
測 7日內) 尿液收集以晨
以取無菌容器
起第1 次為最
收集10-50 mL
尿液 佳。尿液採檢
尿液,緊密封
步驟請參考第
口。
3.4 節。"
黃熱病,https://www.cdc.gov.tw/File/Get/kKAg1J6Hj2F8yh_SEjG_lA,第五類,pdfs/黃熱病.pdf,"發燒及肝功能異常,且出現下列任何一項症狀: 猝發性冷顫、
頭痛、背痛、全身肌肉酸痛、虛脫、噁心、嘔吐。","符合下列檢驗結果之任一項者,定義為檢驗結果陽性:
(一)臨床檢體(組織、血液或其他體液)分離並鑑定出黃熱病毒。
(二)臨床檢體分子生物學核酸檢測陽性。
(三)急性期(或初次採檢)血清中,黃熱病毒特異性 IgM 或 IgG
抗體為陽性者。
(四)在最近未接受預防注射及排除其他黃病毒交叉反應的情形下,
成對血清(恢復期及急性期)中,黃熱病毒特異性 IgM 或
IgG 抗體(二者任一)有陽轉或≧4 倍上升。",具有黃熱病流行地區之旅遊史。,"具有下列任一個條件:
(一)符合臨床條件及流行病學條件。
(二)醫師高度懷疑,且與確定病例具有流行病學上相關。","(一) 可能病例:
NA
(二) 極可能病例:
具有下列任一個條件:
1. 符合臨床條件及檢驗結果陽性定義之第三項。
2. 符合臨床條件及流行病學條件。
(三) 確定病例:
具有下列任一個條件:
1. 符合檢驗結果陽性定義之第一、二、四項之任一項。
2. 符合臨床條件,且與經實驗室證實之病例或突發流行疫情具有
流行病學上相關聯。","採檢項目 檢體種類 採檢目的 採檢時間 採檢量及規定 送驗方式 注意事項
病 原 體 檢 1.若無法取得急性期
測
之血液,請立即採
急性期(發病
後 7日內); 以無菌試管收 檢,並採間隔 7 日
黃熱病 血清
恢復期(發病 集 3 mL 血清。 之恢復期血清,分
抗體檢測
14-40 日 之 2-8°C (B 2次送驗。
間) 類感染性
2.檢體勿加入任何添
物質包
加物。
裝)
3.血清檢體見傳染病
檢體採檢手冊
2.8.3及 2.8.4 備註
說明,血清採檢步
驟請參考傳染病檢
體採檢手冊第3.3
節。"
鼠疫,https://www.cdc.gov.tw/File/Get/umCKYMvqz2ATg6azvXbqfA,第一類,pdfs/鼠疫.pdf,"出現發燒、寒顫、頭痛、不適、虛脫及白血球增多,且伴隨下
列一種(含)以上之主要臨床型態:
(一) 局部淋巴腺炎(腺鼠疫)。
(二) 沒有明顯淋巴腺腫之敗血症(敗血性鼠疫)。
(三) 肺鼠疫:腺鼠疫或敗血性鼠疫經血行蔓延造成(次發
性肺鼠疫)或吸入飛沫感染(原發性肺鼠疫)。
(四) 由暴露於較大感染性飛沫或食入受感染組織(咽鼠
疫)所造成之咽炎和頸部淋巴腺炎。","具有下列任一個條件:
(一) 臨床檢體(淋巴液、血液、痰液、咽喉擦拭液等)分
離並鑑定出鼠疫桿菌(Yersinia pestis)。
(二) 臨床檢體分子生物學核酸檢測陽性。
(三) 血清學抗體檢測陽性:恢復期血清較急性期血清抗體
效價≧4倍上升。","具有下列任一個條件:
(一)具有鼠疫流行地區之旅遊史,且曾接觸囓齒類動物,或
遭跳蚤叮咬。
(二)曾接觸鼠疫確定病例。","具有下列任一個條件:
(一) 符合臨床條件及流行病學條件。
(二) 經醫院自行檢驗,符合檢驗條件。
(三) 醫師或法醫師高度懷疑。","(一) 可能病例: NA
(二) 極可能病例:符合臨床條件雖未經實驗室證實,但與
實驗室證實之確定病例 具有流行病學之關聯。
(三) 確定病例:符合臨床條件及檢驗條件。",請參閱「傳染病檢體採檢手冊」(https://gov.tw/pK8)
